<LowFareSearchReq xmlns="http://www.travelport.com/schema/air_v42_0" TraceId="4f2e330a-17f6-495b-a7a8-448c1c800c58" TargetBranch="P7003720" ReturnUpsellFare="true">
  <BillingPointOfSaleInfo xmlns="http://www.travelport.com/schema/common_v42_0" OriginApplication="uAPI" />
  <SearchAirLeg>
    <SearchOrigin>
      <CityOrAirport xmlns="http://www.travelport.com/schema/common_v42_0" Code="LTN" PreferCity="true" />
    </SearchOrigin>
    <SearchDestination>
      <CityOrAirport xmlns="http://www.travelport.com/schema/common_v42_0" Code="DUB" PreferCity="true" />
    </SearchDestination>
    <SearchDepTime PreferredTime="2017-10-11" />
  </SearchAirLeg>
  <SearchAirLeg>
    <SearchOrigin>
      <CityOrAirport xmlns="http://www.travelport.com/schema/common_v42_0" Code="DUB" PreferCity="true" />
    </SearchOrigin>
    <SearchDestination>
      <CityOrAirport xmlns="http://www.travelport.com/schema/common_v42_0" Code="LTN" PreferCity="true" />
    </SearchDestination>
    <SearchDepTime PreferredTime="2017-10-31" />
  </SearchAirLeg>
  <AirSearchModifiers>
    <PreferredProviders>
      <Provider xmlns="http://www.travelport.com/schema/common_v42_0" Code="ACH" />
    </PreferredProviders>
  </AirSearchModifiers>
  <SearchPassenger xmlns="http://www.travelport.com/schema/common_v42_0" Code="ADT" />
  <SearchPassenger xmlns="http://www.travelport.com/schema/common_v42_0" Code="ADT" />
  <SearchPassenger xmlns="http://www.travelport.com/schema/common_v42_0" Code="CNN" Age="5" DOB="2012-08-06" />
  <SearchPassenger xmlns="http://www.travelport.com/schema/common_v42_0" Code="INF" Age="1" DOB="2016-08-06" />
  <AirPricingModifiers>
    <AccountCodes>
      <AccountCode xmlns="http://www.travelport.com/schema/common_v42_0" Code="-" />
    </AccountCodes>
  </AirPricingModifiers>
</LowFareSearchReq>