<AirPriceReq xmlns="http://www.travelport.com/schema/air_v42_0" TraceId="362afa28-88be-4ca8-8e6d-a5db01862dcb" AuthorizedBy="Travelport" TargetBranch="P7003720">
  <BillingPointOfSaleInfo xmlns="http://www.travelport.com/schema/common_v42_0" OriginApplication="uAPI" />
  <AirItinerary>
    <AirSegment Key="giOpe27Q2BKADWfJEAAAAA==" Status="KK" HostTokenRef="giOpe27Q2BKAPkfJEAAAAA==" Equipment="738" Group="0" Carrier="FR" FlightNumber="331" Origin="LTN" Destination="DUB" DepartureTime="2017-10-11T06:30:00.000+01:00" ArrivalTime="2017-10-11T07:50:00.000+01:00" FlightTime="80" ProviderCode="ACH" SupplierCode="FR" ClassOfService="Y">
      <CodeshareInfo OperatingCarrier="FR" OperatingFlightNumber="331" />
    </AirSegment>
    <AirSegment Key="giOpe27Q2BKAJWfJEAAAAA==" Status="KK" HostTokenRef="giOpe27Q2BKAYkfJEAAAAA==" Equipment="738" Group="1" Carrier="FR" FlightNumber="332" Origin="DUB" Destination="LTN" DepartureTime="2017-10-31T08:15:00.000+00:00" ArrivalTime="2017-10-31T09:30:00.000+00:00" FlightTime="75" ProviderCode="ACH" SupplierCode="FR" ClassOfService="Y">
      <CodeshareInfo OperatingCarrier="FR" OperatingFlightNumber="332" />
    </AirSegment>
    <HostToken xmlns="http://www.travelport.com/schema/common_v42_0" Key="giOpe27Q2BKAPkfJEAAAAA==">NNSFR{IS###}GBP{CC###ET}ACHSDv01LPD1:e372ff16-9d99-4cb5-99d8-f7aa05712b70</HostToken>
    <HostToken xmlns="http://www.travelport.com/schema/common_v42_0" Key="giOpe27Q2BKAYkfJEAAAAA==">NNSFR{IS###}GBP{CC###ET}ACHSDv01LPD1:9e2eee5e-1c0d-4ace-ad2d-9201f7f3af8f</HostToken>
  </AirItinerary>
  <AirPricingModifiers>
    <BrandModifiers ModifierType="FareFamilyDisplay" />
  </AirPricingModifiers>
  <SearchPassenger xmlns="http://www.travelport.com/schema/common_v42_0" Code="ADT" BookingTravelerRef="U1NoSmd6d0R2Um9lcGF2cw==" Key="U1NoSmd6d0R2Um9lcGF2cw==" />
  <SearchPassenger xmlns="http://www.travelport.com/schema/common_v42_0" Code="ADT" BookingTravelerRef="WVZvZ3F0V1dNUmFwaU16YQ==" Key="WVZvZ3F0V1dNUmFwaU16YQ==" />
  <SearchPassenger xmlns="http://www.travelport.com/schema/common_v42_0" Code="CNN" Age="5" BookingTravelerRef="Z2ZYM2NTVzBZOUdaMGdhbg==" Key="Z2ZYM2NTVzBZOUdaMGdhbg==" />
  <SearchPassenger xmlns="http://www.travelport.com/schema/common_v42_0" Code="INF" Age="1" BookingTravelerRef="S005b2luUFoyNE13Y0FaOQ==" Key="S005b2luUFoyNE13Y0FaOQ==" />
  <AirPricingCommand>
    <AirSegmentPricingModifiers AirSegmentRef="giOpe27Q2BKADWfJEAAAAA==" CabinClass="Economy" FareBasisCode="AZ5LOW" />
    <AirSegmentPricingModifiers AirSegmentRef="giOpe27Q2BKAJWfJEAAAAA==" CabinClass="Economy" FareBasisCode="AZ5LOW" />
  </AirPricingCommand>
  <FormOfPayment xmlns="http://www.travelport.com/schema/common_v42_0" Type="Credit" />
</AirPriceReq>