<?xml version="1.0"?>
<ServiceAddRS xmlns="http://www.hotelbeds.com/schemas/2005/06/messages" xmlns:xsi="http://www.w3.org/2001/XMLSchema-instance" xsi:schemaLocation="http://www.hotelbeds.com/schemas/2005/06/messages ServiceAddRS.xsd" echoToken="Golden1527620889ssrf">
  <AuditData>
    <ProcessTime>737</ProcessTime>
    <Timestamp>2018-05-29 21:23:00.589</Timestamp>
    <RequestHost>199.79.62.63</RequestHost>
    <ServerName>FORM</ServerName>
    <ServerId>01</ServerId>
    <SchemaRelease>2005/06</SchemaRelease>
    <HydraCoreRelease>4.18.2.20180513#FO#0</HydraCoreRelease>
    <HydraEnumerationsRelease>3#4a5854fa24ca#000</HydraEnumerationsRelease>
    <MerlinRelease>0</MerlinRelease>
  </AuditData>
  <Purchase purchaseToken="O1294504977" timeToExpiration="1797609">
    <Status>SHOPPING_CART</Status>
    <Agency>
      <Code>262901</Code>
      <Branch>1</Branch>
    </Agency>
    <Language>ENG</Language>
    <CreationUser>GOLDENEDGEUS262901</CreationUser>
    <ServiceList>
      <Service xsi:type="ServiceTransfer" transferType="IN" SPUI="318#T#1">
        <Status>NEW</Status>
        <ContractList>
          <Contract>
            <Name>TRBHKGMVEL 1718</Name>
            <IncomingOffice code="318"/>
            <Sequence>11621</Sequence>
          </Contract>
        </ContractList>
        <Supplier name="HOTELBEDS HONG KONG LIMITED" vatNumber="04057491"/>
        <DateFrom date="20180928"/>
        <Currency code="USD">US Dollar</Currency>
        <TotalAmount>117.050</TotalAmount>
        <NetPrice>105.340</NetPrice>
        <Commission>11.710</Commission>
        <SellingPrice mandatory="Y">117.050</SellingPrice>
        <AdditionalCostList>
          <AdditionalCost type="AG_COMMISSION">
            <Price>
              <Amount>11.710</Amount>
            </Price>
          </AdditionalCost>
          <AdditionalCost type="COMMISSION_VAT">
            <Price>
              <Amount>0.000</Amount>
            </Price>
          </AdditionalCost>
          <AdditionalCost type="COMMISSION_PCT">
            <Price>
              <Amount>10.000</Amount>
            </Price>
          </AdditionalCost>
        </AdditionalCostList>
        <ModificationPolicyList>
          <ModificationPolicy>Cancellation</ModificationPolicy>
          <ModificationPolicy>Confirmation</ModificationPolicy>
          <ModificationPolicy>Modification</ModificationPolicy>
        </ModificationPolicyList>
        <TransferInfo xsi:type="ProductTransfer">
          <Code>318#T#1</Code>
          <DescriptionList>
            <Description type="GENERAL" languageCode="ENG">Private hire with driver</Description>
            <Description type="PRODUCT" languageCode="ENG">Premium product type</Description>
            <Description type="VEHICLE" languageCode="ENG">Minivan extra lugagge</Description>
          </DescriptionList>
          <ImageList>
            <Image>
              <Type>S</Type>
              <Url>http://media.stage.activitiesbank.com/giata/transfers/TRD/small/prvt-prm-mvel.png</Url>
            </Image>
            <Image>
              <Type>M</Type>
              <Url>http://media.stage.activitiesbank.com/giata/transfers/TRD/medium/prvt-prm-mvel.png</Url>
            </Image>
            <Image>
              <Type>L</Type>
              <Url>http://media.stage.activitiesbank.com/giata/transfers/TRD/large/prvt-prm-mvel.png</Url>
            </Image>
            <Image>
              <Type>XL</Type>
              <Url>http://media.stage.activitiesbank.com/giata/transfers/TRD/extralarge/prvt-prm-mvel.png</Url>
            </Image>
          </ImageList>
          <Type code="P"/>
          <VehicleType code="F"/>
          <TransferSpecificContent id="1999">
            <GenericTransferGuidelinesList>
              <TransferBulletPoint id="VOUC">
                <Description>VOUCHER </Description>
                <DetailedDescription>Remember to bring this voucher and valid photo ID with you</DetailedDescription>
              </TransferBulletPoint>
              <TransferBulletPoint id="CBBS">
                <Description>CHILDBOOSTER / BABY SEAT</Description>
                <DetailedDescription>Child car seats and boosters are not included unless specified in your booking and can carry an extra cost. Should you need to book them, please contact your point of sale prior to travelling.</DetailedDescription>
              </TransferBulletPoint>
              <TransferBulletPoint id="EXLU">
                <Description>EXCESS LUGGAGE</Description>
                <DetailedDescription>If you arrive at the destination with an excess of luggage, you will have to pay an additional charge for the extra undeclared weight. </DetailedDescription>
              </TransferBulletPoint>
            </GenericTransferGuidelinesList>
            <SpecificTransferInfoList>
              <TransferBulletPoint xsi:type="TransferBulletPointNumber" order="1">
                <Description>Maximum capacity per vehicle</Description>
                <Value>6</Value>
                <Metric>Suitcase/s</Metric>
              </TransferBulletPoint>
              <TransferBulletPoint order="2">
                <Description>Meet and Greet in English</Description>
              </TransferBulletPoint>
            </SpecificTransferInfoList>
            <MaximumWaitingTimeSupplierDomestic time="60">minutes</MaximumWaitingTimeSupplierDomestic>
            <MaximumWaitingTimeSupplierInternational time="90">minutes</MaximumWaitingTimeSupplierInternational>
          </TransferSpecificContent>
        </TransferInfo>
        <Paxes>
          <AdultCount>2</AdultCount>
          <ChildCount>1</ChildCount>
          <GuestList>
            <Customer type="CH">
              <CustomerId>1</CustomerId>
              <Age>6</Age>
              <Name>Added Customer0</Name>
              <LastName>Added Customer0</LastName>
            </Customer>
            <Customer type="AD">
              <CustomerId>2</CustomerId>
              <Age>30</Age>
            </Customer>
            <Customer type="AD">
              <CustomerId>3</CustomerId>
              <Age>30</Age>
            </Customer>
          </GuestList>
        </Paxes>
        <PickupLocation xsi:type="ProductTransferTerminal">
          <Code>HKG</Code>
          <Name>Hong Kong, Hong Kong Int. Airport</Name>
          <TransferZone xsi:type="ProductZone">
            <Code>HKG</Code>
          </TransferZone>
          <Country code="HK">
            <Name>Hong Kong</Name>
          </Country>
          <TerminalType>A</TerminalType>
        </PickupLocation>
        <DestinationLocation xsi:type="ProductTransferHotel">
          <Code>69604</Code>
          <Name>The Langham Hong Kong</Name>
          <TransferZone xsi:type="ProductZone">
            <Code>KLN</Code>
          </TransferZone>
        </DestinationLocation>
        <ComissionPercentage>10.000</ComissionPercentage>
        <RetailPrice>117.050</RetailPrice>
        <ComissionVAT>0</ComissionVAT>
        <ProductSpecifications>
          <MasterServiceType code="PRVT" name="Private"/>
          <MasterProductType code="PRM" name="Premium"/>
          <MasterVehicleType code="MVEL" name="Minivan extra luggage"/>
          <TransferGeneralInfoList>
            <TransferBulletPoint id="ER" order="1">
              <Description>Exclusive ride for you</Description>
            </TransferBulletPoint>
            <TransferBulletPoint id="DTDS" order="2">
              <Description>Door to door service</Description>
            </TransferBulletPoint>
            <TransferBulletPoint id="AV247" order="3">
              <Description>Available 24/7</Description>
            </TransferBulletPoint>
            <TransferBulletPoint id="M&amp;GS" order="4">
              <Description>Meet &amp; Greet service</Description>
            </TransferBulletPoint>
            <TransferBulletPoint id="BAHB" order="11">
              <Description>1 item of hand baggage allowed per person</Description>
            </TransferBulletPoint>
          </TransferGeneralInfoList>
        </ProductSpecifications>
        <TransferPickupTime date="20180928" time="1200"/>
        <TransferPickupInformation>
          <Description>Once you have collected your luggage, the TBR chauffeur will be waiting for you in the Arrivals Hall, near Exit B, by the corner of the foreign currency exchange kiosk holding a sign/iPad with your name on it. If you are unable to locate the driver/agent, please call TRB HONG KONG LIMITED on (852) 3952 8500. Languages spoken at the call centre: English, Chinese. Please do not leave the pick-up area without having contacted the agent/driver first.</Description>
        </TransferPickupInformation>
        <ArrivalTravelInfo>
          <DepartInfo xsi:type="ProductTransferTerminal"/>
          <ArrivalInfo xsi:type="ProductTransferTerminal">
            <Code>HKG</Code>
            <Name>Hong Kong, Hong Kong Int. Airport</Name>
            <DateTime date="20180928" time="1200"/>
            <Country code="HK">
              <Name>Hong Kong</Name>
            </Country>
            <TerminalType>A</TerminalType>
          </ArrivalInfo>
        </ArrivalTravelInfo>
        <DepartureTravelInfo/>
        <CancellationPolicies>
          <CancellationPolicy amount="117.050" dateFrom="20180926" time="2359"/>
        </CancellationPolicies>
      </Service>
      <Service xsi:type="ServiceTransfer" transferType="OUT" SPUI="318#T#2">
        <Status>NEW</Status>
        <ContractList>
          <Contract>
            <Name>TRBHKGMVEL 1718</Name>
            <IncomingOffice code="318"/>
            <Sequence>11621</Sequence>
          </Contract>
        </ContractList>
        <Supplier name="HOTELBEDS HONG KONG LIMITED" vatNumber="04057491"/>
        <DateFrom date="20180930"/>
        <Currency code="USD">US Dollar</Currency>
        <TotalAmount>117.050</TotalAmount>
        <NetPrice>105.340</NetPrice>
        <Commission>11.710</Commission>
        <SellingPrice mandatory="Y">117.050</SellingPrice>
        <AdditionalCostList>
          <AdditionalCost type="AG_COMMISSION">
            <Price>
              <Amount>11.710</Amount>
            </Price>
          </AdditionalCost>
          <AdditionalCost type="COMMISSION_VAT">
            <Price>
              <Amount>0.000</Amount>
            </Price>
          </AdditionalCost>
          <AdditionalCost type="COMMISSION_PCT">
            <Price>
              <Amount>10.000</Amount>
            </Price>
          </AdditionalCost>
        </AdditionalCostList>
        <ModificationPolicyList>
          <ModificationPolicy>Cancellation</ModificationPolicy>
          <ModificationPolicy>Confirmation</ModificationPolicy>
          <ModificationPolicy>Modification</ModificationPolicy>
        </ModificationPolicyList>
        <TransferInfo xsi:type="ProductTransfer">
          <Code>318#T#2</Code>
          <DescriptionList>
            <Description type="GENERAL" languageCode="ENG">Private hire with driver</Description>
            <Description type="PRODUCT" languageCode="ENG">Premium product type</Description>
            <Description type="VEHICLE" languageCode="ENG">Minivan extra lugagge</Description>
          </DescriptionList>
          <ImageList>
            <Image>
              <Type>S</Type>
              <Url>http://media.stage.activitiesbank.com/giata/transfers/TRD/small/prvt-prm-mvel.png</Url>
            </Image>
            <Image>
              <Type>M</Type>
              <Url>http://media.stage.activitiesbank.com/giata/transfers/TRD/medium/prvt-prm-mvel.png</Url>
            </Image>
            <Image>
              <Type>L</Type>
              <Url>http://media.stage.activitiesbank.com/giata/transfers/TRD/large/prvt-prm-mvel.png</Url>
            </Image>
            <Image>
              <Type>XL</Type>
              <Url>http://media.stage.activitiesbank.com/giata/transfers/TRD/extralarge/prvt-prm-mvel.png</Url>
            </Image>
          </ImageList>
          <Type code="P"/>
          <VehicleType code="F"/>
          <TransferSpecificContent id="1999">
            <GenericTransferGuidelinesList>
              <TransferBulletPoint id="VOUC">
                <Description>VOUCHER </Description>
                <DetailedDescription>Remember to bring this voucher and valid photo ID with you</DetailedDescription>
              </TransferBulletPoint>
              <TransferBulletPoint id="CBBS">
                <Description>CHILDBOOSTER / BABY SEAT</Description>
                <DetailedDescription>Child car seats and boosters are not included unless specified in your booking and can carry an extra cost. Should you need to book them, please contact your point of sale prior to travelling.</DetailedDescription>
              </TransferBulletPoint>
              <TransferBulletPoint id="EXLU">
                <Description>EXCESS LUGGAGE</Description>
                <DetailedDescription>If you arrive at the destination with an excess of luggage, you will have to pay an additional charge for the extra undeclared weight. </DetailedDescription>
              </TransferBulletPoint>
            </GenericTransferGuidelinesList>
            <SpecificTransferInfoList>
              <TransferBulletPoint xsi:type="TransferBulletPointNumber" order="1">
                <Description>Maximum capacity per vehicle</Description>
                <Value>6</Value>
                <Metric>Suitcase/s</Metric>
              </TransferBulletPoint>
              <TransferBulletPoint order="2">
                <Description>Meet and Greet in English</Description>
              </TransferBulletPoint>
            </SpecificTransferInfoList>
            <MaximumWaitingTime time="30">minutes</MaximumWaitingTime>
            <MaximumWaitingTimeSupplierDomestic time="15">minutes</MaximumWaitingTimeSupplierDomestic>
          </TransferSpecificContent>
        </TransferInfo>
        <Paxes>
          <AdultCount>2</AdultCount>
          <ChildCount>1</ChildCount>
          <GuestList>
            <Customer type="CH">
              <CustomerId>4</CustomerId>
              <Age>6</Age>
              <Name>Added Customer0</Name>
              <LastName>Added Customer0</LastName>
            </Customer>
            <Customer type="AD">
              <CustomerId>5</CustomerId>
              <Age>30</Age>
            </Customer>
            <Customer type="AD">
              <CustomerId>6</CustomerId>
              <Age>30</Age>
            </Customer>
          </GuestList>
        </Paxes>
        <PickupLocation xsi:type="ProductTransferHotel">
          <Code>69604</Code>
          <Name>The Langham Hong Kong</Name>
          <TransferZone xsi:type="ProductZone">
            <Code>KLN</Code>
          </TransferZone>
        </PickupLocation>
        <DestinationLocation xsi:type="ProductTransferTerminal">
          <Code>HKG</Code>
          <Name>Hong Kong, Hong Kong Int. Airport</Name>
          <TransferZone xsi:type="ProductZone">
            <Code>HKG</Code>
          </TransferZone>
          <Country code="HK">
            <Name>Hong Kong</Name>
          </Country>
          <TerminalType>A</TerminalType>
        </DestinationLocation>
        <ComissionPercentage>10.000</ComissionPercentage>
        <RetailPrice>117.050</RetailPrice>
        <ComissionVAT>0</ComissionVAT>
        <EstimatedTransferDuration>30</EstimatedTransferDuration>
        <ProductSpecifications>
          <MasterServiceType code="PRVT" name="Private"/>
          <MasterProductType code="PRM" name="Premium"/>
          <MasterVehicleType code="MVEL" name="Minivan extra luggage"/>
          <TransferGeneralInfoList>
            <TransferBulletPoint id="ER" order="1">
              <Description>Exclusive ride for you</Description>
            </TransferBulletPoint>
            <TransferBulletPoint id="DTDS" order="2">
              <Description>Door to door service</Description>
            </TransferBulletPoint>
            <TransferBulletPoint id="AV247" order="3">
              <Description>Available 24/7</Description>
            </TransferBulletPoint>
            <TransferBulletPoint id="M&amp;GS" order="4">
              <Description>Meet &amp; Greet service</Description>
            </TransferBulletPoint>
            <TransferBulletPoint id="BAHB" order="11">
              <Description>1 item of hand baggage allowed per person</Description>
            </TransferBulletPoint>
          </TransferGeneralInfoList>
        </ProductSpecifications>
        <TransferPickupTime date="20180930" time="0830"/>
        <TransferPickupInformation>
          <Description>You will be picked up at the hotel main lobby. If you are unable to locate the driver/agent, please call TRB HONG KONG LIMITED on (852) 3952 8500. Languages spoken at the call centre: English, Chinese. Please do not leave the pick-up area without having contacted the agent/driver first.</Description>
        </TransferPickupInformation>
        <ArrivalTravelInfo/>
        <DepartureTravelInfo>
          <DepartInfo xsi:type="ProductTransferTerminal">
            <Code>HKG</Code>
            <Name>Hong Kong, Hong Kong Int. Airport</Name>
            <DateTime date="20180930" time="1200"/>
            <Country code="HK">
              <Name>Hong Kong</Name>
            </Country>
            <TerminalType>A</TerminalType>
          </DepartInfo>
          <ArrivalInfo xsi:type="ProductTransferTerminal"/>
        </DepartureTravelInfo>
        <CancellationPolicies>
          <CancellationPolicy amount="117.050" dateFrom="20180928" time="2359"/>
        </CancellationPolicies>
        <TransferWebInformation>http://www.checkpickup.com/</TransferWebInformation>
        <TimeBeforeConsultingWeb>36</TimeBeforeConsultingWeb>
      </Service>
    </ServiceList>
    <Currency code="USD"/>
    <PaymentData>
      <PaymentType code="C"/>
      <InvoiceCompany/>
      <Description>UNKNOWN</Description>
    </PaymentData>
    <TotalPrice>234.100</TotalPrice>
    <PendingAmount>210.680</PendingAmount>
  </Purchase>
</ServiceAddRS>
