<?xml version="1.0" encoding="UTF-8"?>
<ServiceAddRQ xmlns="http://www.hotelbeds.com/schemas/2005/06/messages" xmlns:xsi="http://www.w3.org/2001/XMLSchema-instance" xsi:schemaLocation="http://www.hotelbeds.com/schemas/2005/06/messages ../xsd/ServiceAddRQ.xsd" echoToken="Golden1527620888ssrf" version="2013/12">
  <Language>ENG</Language>
  <Credentials>
    <User>GOLDENEDGEUS262901</User>
    <Password>GOLDENEDGEUS262901</Password>
    <Platform>55</Platform>
  </Credentials>
  <Service xsi:type="ServiceTransfer" availToken="X4kgRPIXTmUo3+/8x+dinQ==" transferType="IN">
    <ContractList>
      <Contract>
        <Name>TRBHKGMVEL 1718</Name>
        <IncomingOffice code="318"/>
      </Contract>
    </ContractList>
    <DateFrom date="20180928" time="1200"/>
    <TransferInfo xsi:type="ProductTransfer">
      <Code>0|0|1</Code>
      <Type code="P"/>
      <VehicleType code="F"/>
    </TransferInfo>
    <Paxes>
      <AdultCount>2</AdultCount>
      <ChildCount>1</ChildCount>
      <GuestList>
        <Customer type="CH">
          <Age>6</Age>
          <Name>Added Customer0</Name>
          <LastName>Added Customer0</LastName>
        </Customer>
      </GuestList>
    </Paxes>
    <PickupLocation xsi:type="ProductTransferTerminal">
      <IATA>HKG</IATA>
      <DateTime date="20180928" time="1200"/>
    </PickupLocation>
    <DestinationLocation xsi:type="ProductTransferHotel">
      <Code>69604</Code>
    </DestinationLocation>
  </Service>
</ServiceAddRQ>
