<?xml version="1.0"?>
<TransferValuedAvailRS xmlns="http://www.hotelbeds.com/schemas/2005/06/messages" xmlns:xsi="http://www.w3.org/2001/XMLSchema-instance" xsi:schemaLocation="http://www.hotelbeds.com/schemas/2005/06/messages TransferValuedAvailRS.xsd" totalItems="7" echoToken="Golden1527620793car">
  <AuditData>
    <ProcessTime>3773</ProcessTime>
    <Timestamp>2018-05-29 21:21:27.184</Timestamp>
    <RequestHost>199.79.62.63</RequestHost>
    <ServerName>CERT</ServerName>
    <ServerId>01</ServerId>
    <SchemaRelease>2005/06</SchemaRelease>
    <HydraCoreRelease>4.18.2.20180513#FO#0</HydraCoreRelease>
    <HydraEnumerationsRelease>4#4a5854fa24ca#000</HydraEnumerationsRelease>
    <MerlinRelease>0</MerlinRelease>
  </AuditData>
  <ServiceTransfer xsi:type="ServiceTransfer" transferType="IN" availToken="X4kgRPIXTmUo3+/8x+dinQ==">
    <ContractList>
      <Contract>
        <Name>TRBHKGPVT1_1718</Name>
        <IncomingOffice code="318"/>
      </Contract>
    </ContractList>
    <DateFrom date="20180928" time="1200"/>
    <Currency code="USD"/>
    <TotalAmount>113.610</TotalAmount>
    <NetPrice>102.250</NetPrice>
    <Commission>11.360</Commission>
    <SellingPrice mandatory="Y">113.610</SellingPrice>
    <TransferInfo xsi:type="ProductTransfer">
      <Code>0|0|0</Code>
      <DescriptionList>
        <Description type="GENERAL" languageCode="ENG">Private hire with driver</Description>
        <Description type="PRODUCT" languageCode="ENG">Premium product type</Description>
        <Description type="VEHICLE" languageCode="ENG">Minivan</Description>
      </DescriptionList>
      <ImageList>
        <Image>
          <Type>S</Type>
          <Url>http://media.stage.activitiesbank.com/giata/transfers/TRD/small/prvt-prm-mv.png</Url>
        </Image>
        <Image>
          <Type>M</Type>
          <Url>http://media.stage.activitiesbank.com/giata/transfers/TRD/medium/prvt-prm-mv.png</Url>
        </Image>
        <Image>
          <Type>L</Type>
          <Url>http://media.stage.activitiesbank.com/giata/transfers/TRD/large/prvt-prm-mv.png</Url>
        </Image>
        <Image>
          <Type>XL</Type>
          <Url>http://media.stage.activitiesbank.com/giata/transfers/TRD/extralarge/prvt-prm-mv.png</Url>
        </Image>
      </ImageList>
      <Type code="P"/>
      <VehicleType code="K"/>
      <TransferSpecificContent id="1210">
        <GenericTransferGuidelinesList>
          <TransferBulletPoint id="VOUC">
            <Description>VOUCHER </Description>
            <DetailedDescription>Remember to bring this voucher and valid photo ID with you</DetailedDescription>
          </TransferBulletPoint>
          <TransferBulletPoint id="CBBS">
            <Description>CHILDBOOSTER / BABY SEAT</Description>
            <DetailedDescription>Child car seats and boosters are not included unless specified in your booking and can carry an extra cost. Should you need to book them, please contact your point of sale prior to travelling.</DetailedDescription>
          </TransferBulletPoint>
        </GenericTransferGuidelinesList>
        <MaximumWaitingTimeSupplierDomestic time="60">minutes</MaximumWaitingTimeSupplierDomestic>
        <MaximumWaitingTimeSupplierInternational time="90">minutes</MaximumWaitingTimeSupplierInternational>
      </TransferSpecificContent>
    </TransferInfo>
    <Paxes>
      <AdultCount>2</AdultCount>
      <ChildCount>1</ChildCount>
    </Paxes>
    <PickupLocation xsi:type="ProductTransferTerminal">
      <Code>HKG</Code>
      <Name>Hong Kong, Hong Kong Int. Airport</Name>
      <TransferZone xsi:type="ProductZone">
        <Code>HKG</Code>
      </TransferZone>
      <TerminalType>A</TerminalType>
      <IATA>HKG</IATA>
    </PickupLocation>
    <DestinationLocation xsi:type="ProductTransferHotel">
      <Code>69604</Code>
      <Name>The Langham Hong Kong</Name>
      <TransferZone xsi:type="ProductZone">
        <Code>KLN</Code>
      </TransferZone>
    </DestinationLocation>
    <ComissionPercentage>10.000</ComissionPercentage>
    <RetailPrice>113.610</RetailPrice>
    <ComissionVAT>0.000</ComissionVAT>
    <ProductSpecifications>
      <MasterServiceType code="PRVT" name="Private"/>
      <MasterProductType code="PRM" name="Premium"/>
      <MasterVehicleType code="MV" name="Minivan"/>
      <TransferGeneralInfoList>
        <TransferBulletPoint id="ER" order="1">
          <Description>Exclusive ride for you</Description>
        </TransferBulletPoint>
        <TransferBulletPoint id="DTDS" order="2">
          <Description>Door to door service</Description>
        </TransferBulletPoint>
        <TransferBulletPoint id="AV247" order="3">
          <Description>Available 24/7</Description>
        </TransferBulletPoint>
        <TransferBulletPoint id="M&amp;GS" order="4">
          <Description>Meet &amp; Greet service</Description>
        </TransferBulletPoint>
        <TransferBulletPoint id="BAHB" order="11">
          <Description>1 item of hand baggage allowed per person</Description>
        </TransferBulletPoint>
        <TransferBulletPoint id="BA" order="12">
          <Description>1 piece of baggage allowed per person ( max.dimensions 158cm) length+width+height=158cm</Description>
        </TransferBulletPoint>
      </TransferGeneralInfoList>
    </ProductSpecifications>
    <TransferPickupInformation>
      <Description>Once you have collected your luggage, the TBR chauffeur will be waiting for you in the Arrivals Hall, near Exit B, by the corner of the foreign currency exchange kiosk holding a sign/iPad with your name on it. If you are unable to locate the driver/agent, please call TRB HONG KONG LIMITED on (852) 3952 8500. Languages spoken at the call centre: English, Chinese. Please do not leave the pick-up area without having contacted the agent/driver first.</Description>
    </TransferPickupInformation>
    <ArrivalTravelInfo>
      <ArrivalInfo xsi:type="ProductTransferTerminal">
        <Code>HKG</Code>
        <Name>Hong Kong, Hong Kong Int. Airport</Name>
        <TransferZone xsi:type="ProductZone">
          <Code>HKG</Code>
        </TransferZone>
        <DateTime date="20180928" time="1200"/>
        <TerminalType>A</TerminalType>
      </ArrivalInfo>
    </ArrivalTravelInfo>
  </ServiceTransfer>
  <ServiceTransfer xsi:type="ServiceTransfer" transferType="IN" availToken="X4kgRPIXTmUo3+/8x+dinQ==">
    <ContractList>
      <Contract>
        <Name>TRBHKGMVEL 1718</Name>
        <IncomingOffice code="318"/>
      </Contract>
    </ContractList>
    <DateFrom date="20180928" time="1200"/>
    <Currency code="USD"/>
    <TotalAmount>117.050</TotalAmount>
    <NetPrice>105.350</NetPrice>
    <Commission>11.710</Commission>
    <SellingPrice mandatory="Y">117.050</SellingPrice>
    <TransferInfo xsi:type="ProductTransfer">
      <Code>0|0|1</Code>
      <DescriptionList>
        <Description type="GENERAL" languageCode="ENG">Private hire with driver</Description>
        <Description type="PRODUCT" languageCode="ENG">Premium product type</Description>
        <Description type="VEHICLE" languageCode="ENG">Minivan extra lugagge</Description>
      </DescriptionList>
      <ImageList>
        <Image>
          <Type>S</Type>
          <Url>http://media.stage.activitiesbank.com/giata/transfers/TRD/small/prvt-prm-mvel.png</Url>
        </Image>
        <Image>
          <Type>M</Type>
          <Url>http://media.stage.activitiesbank.com/giata/transfers/TRD/medium/prvt-prm-mvel.png</Url>
        </Image>
        <Image>
          <Type>L</Type>
          <Url>http://media.stage.activitiesbank.com/giata/transfers/TRD/large/prvt-prm-mvel.png</Url>
        </Image>
        <Image>
          <Type>XL</Type>
          <Url>http://media.stage.activitiesbank.com/giata/transfers/TRD/extralarge/prvt-prm-mvel.png</Url>
        </Image>
      </ImageList>
      <Type code="P"/>
      <VehicleType code="F"/>
      <TransferSpecificContent id="1999">
        <GenericTransferGuidelinesList>
          <TransferBulletPoint id="VOUC">
            <Description>VOUCHER </Description>
            <DetailedDescription>Remember to bring this voucher and valid photo ID with you</DetailedDescription>
          </TransferBulletPoint>
          <TransferBulletPoint id="CBBS">
            <Description>CHILDBOOSTER / BABY SEAT</Description>
            <DetailedDescription>Child car seats and boosters are not included unless specified in your booking and can carry an extra cost. Should you need to book them, please contact your point of sale prior to travelling.</DetailedDescription>
          </TransferBulletPoint>
          <TransferBulletPoint id="EXLU">
            <Description>EXCESS LUGGAGE</Description>
            <DetailedDescription>If you arrive at the destination with an excess of luggage, you will have to pay an additional charge for the extra undeclared weight. </DetailedDescription>
          </TransferBulletPoint>
        </GenericTransferGuidelinesList>
        <SpecificTransferInfoList>
          <TransferBulletPoint xsi:type="TransferBulletPointNumber" id="BAEL1" order="1">
            <Description>Maximum capacity per vehicle</Description>
            <Value>6</Value>
            <Metric>Suitcase/s</Metric>
          </TransferBulletPoint>
          <TransferBulletPoint id="M&amp;GEN" order="2">
            <Description>Meet and Greet in English</Description>
          </TransferBulletPoint>
        </SpecificTransferInfoList>
        <MaximumWaitingTimeSupplierDomestic time="60">minutes</MaximumWaitingTimeSupplierDomestic>
        <MaximumWaitingTimeSupplierInternational time="90">minutes</MaximumWaitingTimeSupplierInternational>
      </TransferSpecificContent>
    </TransferInfo>
    <Paxes>
      <AdultCount>2</AdultCount>
      <ChildCount>1</ChildCount>
    </Paxes>
    <PickupLocation xsi:type="ProductTransferTerminal">
      <Code>HKG</Code>
      <Name>Hong Kong, Hong Kong Int. Airport</Name>
      <TransferZone xsi:type="ProductZone">
        <Code>HKG</Code>
      </TransferZone>
      <TerminalType>A</TerminalType>
      <IATA>HKG</IATA>
    </PickupLocation>
    <DestinationLocation xsi:type="ProductTransferHotel">
      <Code>69604</Code>
      <Name>The Langham Hong Kong</Name>
      <TransferZone xsi:type="ProductZone">
        <Code>KLN</Code>
      </TransferZone>
    </DestinationLocation>
    <ComissionPercentage>10.000</ComissionPercentage>
    <RetailPrice>117.050</RetailPrice>
    <ComissionVAT>0.000</ComissionVAT>
    <ProductSpecifications>
      <MasterServiceType code="PRVT" name="Private"/>
      <MasterProductType code="PRM" name="Premium"/>
      <MasterVehicleType code="MVEL" name="Minivan extra luggage"/>
      <TransferGeneralInfoList>
        <TransferBulletPoint id="ER" order="1">
          <Description>Exclusive ride for you</Description>
        </TransferBulletPoint>
        <TransferBulletPoint id="DTDS" order="2">
          <Description>Door to door service</Description>
        </TransferBulletPoint>
        <TransferBulletPoint id="AV247" order="3">
          <Description>Available 24/7</Description>
        </TransferBulletPoint>
        <TransferBulletPoint id="M&amp;GS" order="4">
          <Description>Meet &amp; Greet service</Description>
        </TransferBulletPoint>
        <TransferBulletPoint id="BAHB" order="11">
          <Description>1 item of hand baggage allowed per person</Description>
        </TransferBulletPoint>
      </TransferGeneralInfoList>
    </ProductSpecifications>
    <TransferPickupInformation>
      <Description>Once you have collected your luggage, the TBR chauffeur will be waiting for you in the Arrivals Hall, near Exit B, by the corner of the foreign currency exchange kiosk holding a sign/iPad with your name on it. If you are unable to locate the driver/agent, please call TRB HONG KONG LIMITED on (852) 3952 8500. Languages spoken at the call centre: English, Chinese. Please do not leave the pick-up area without having contacted the agent/driver first.</Description>
    </TransferPickupInformation>
    <ArrivalTravelInfo>
      <ArrivalInfo xsi:type="ProductTransferTerminal">
        <Code>HKG</Code>
        <Name>Hong Kong, Hong Kong Int. Airport</Name>
        <TransferZone xsi:type="ProductZone">
          <Code>HKG</Code>
        </TransferZone>
        <DateTime date="20180928" time="1200"/>
        <TerminalType>A</TerminalType>
      </ArrivalInfo>
    </ArrivalTravelInfo>
  </ServiceTransfer>
  <ServiceTransfer xsi:type="ServiceTransfer" transferType="IN" availToken="X4kgRPIXTmUo3+/8x+dinQ==">
    <ContractList>
      <Contract>
        <Name>VIGORSICHKG1-18</Name>
        <IncomingOffice code="318"/>
      </Contract>
    </ContractList>
    <DateFrom date="20180928" time="1200"/>
    <Currency code="USD"/>
    <TotalAmount>49.470</TotalAmount>
    <NetPrice>44.520</NetPrice>
    <Commission>4.950</Commission>
    <SellingPrice mandatory="Y">49.470</SellingPrice>
    <TransferInfo xsi:type="ProductTransfer">
      <Code>0|0|2</Code>
      <DescriptionList>
        <Description type="GENERAL" languageCode="ENG">With other passengers</Description>
        <Description type="PRODUCT" languageCode="ENG">Standard product type</Description>
        <Description type="VEHICLE" languageCode="ENG">Bus</Description>
      </DescriptionList>
      <ImageList>
        <Image>
          <Type>S</Type>
          <Url>http://media.stage.activitiesbank.com/giata/transfers/TRD/small/shrd-stnd-bs.png</Url>
        </Image>
        <Image>
          <Type>M</Type>
          <Url>http://media.stage.activitiesbank.com/giata/transfers/TRD/medium/shrd-stnd-bs.png</Url>
        </Image>
        <Image>
          <Type>L</Type>
          <Url>http://media.stage.activitiesbank.com/giata/transfers/TRD/large/shrd-stnd-bs.png</Url>
        </Image>
        <Image>
          <Type>XL</Type>
          <Url>http://media.stage.activitiesbank.com/giata/transfers/TRD/extralarge/shrd-stnd-bs.png</Url>
        </Image>
      </ImageList>
      <Type code="B"/>
      <VehicleType code="W"/>
      <TransferSpecificContent id="562">
        <GenericTransferGuidelinesList>
          <TransferBulletPoint id="VOUC">
            <Description>VOUCHER </Description>
            <DetailedDescription>Remember to bring this voucher and valid photo ID with you</DetailedDescription>
          </TransferBulletPoint>
          <TransferBulletPoint id="CBBS">
            <Description>CHILDBOOSTER / BABY SEAT</Description>
            <DetailedDescription>Child car seats and boosters are not included unless specified in your booking and can carry an extra cost. Should you need to book them, please contact your point of sale prior to travelling.</DetailedDescription>
          </TransferBulletPoint>
        </GenericTransferGuidelinesList>
        <MaximumWaitingTime time="60">minutes</MaximumWaitingTime>
        <MaximumWaitingTimeSupplierDomestic time="60">minutes</MaximumWaitingTimeSupplierDomestic>
        <MaximumWaitingTimeSupplierInternational time="90">minutes</MaximumWaitingTimeSupplierInternational>
      </TransferSpecificContent>
    </TransferInfo>
    <Paxes>
      <AdultCount>2</AdultCount>
      <ChildCount>1</ChildCount>
    </Paxes>
    <PickupLocation xsi:type="ProductTransferTerminal">
      <Code>HKG</Code>
      <Name>Hong Kong, Hong Kong Int. Airport</Name>
      <TransferZone xsi:type="ProductZone">
        <Code>HKG</Code>
      </TransferZone>
      <TerminalType>A</TerminalType>
      <IATA>HKG</IATA>
    </PickupLocation>
    <DestinationLocation xsi:type="ProductTransferHotel">
      <Code>69604</Code>
      <Name>The Langham Hong Kong</Name>
      <TransferZone xsi:type="ProductZone">
        <Code>KLN</Code>
      </TransferZone>
    </DestinationLocation>
    <ComissionPercentage>10.000</ComissionPercentage>
    <RetailPrice>49.470</RetailPrice>
    <ComissionVAT>0.000</ComissionVAT>
    <ProductSpecifications>
      <MasterServiceType code="SHRD" name="Shared - Shuttle"/>
      <MasterProductType code="STND" name="Standard"/>
      <MasterVehicleType code="BS" name="Bus"/>
      <TransferGeneralInfoList>
        <TransferBulletPoint xsi:type="TransferBulletPointNumber" id="MST" order="3">
          <Description>Maximum</Description>
          <Value>13</Value>
          <Metric>stops</Metric>
        </TransferBulletPoint>
        <TransferBulletPoint id="BAHB" order="10">
          <Description>1 item of hand baggage allowed per person</Description>
        </TransferBulletPoint>
        <TransferBulletPoint id="BA" order="12">
          <Description>1 piece of baggage allowed per person ( max.dimensions 158cm) length+width+height=158cm</Description>
        </TransferBulletPoint>
      </TransferGeneralInfoList>
    </ProductSpecifications>
    <TransferPickupInformation>
      <Description>Once you have collected your luggage, proceed to airport counter "B01 - Vigor" located in the Arrivals Hall B of Terminal 1. For further directions please proceed to the next Airport Information Counter. If you are unable to locate the driver/agent, please call Vigor Tours on +852 27 39 38 28. Languages spoken at the call centre: English, Cantonese, Chinese. Please do not leave the pick-up area without having contacted the agent/driver first.</Description>
    </TransferPickupInformation>
    <ArrivalTravelInfo>
      <ArrivalInfo xsi:type="ProductTransferTerminal">
        <Code>HKG</Code>
        <Name>Hong Kong, Hong Kong Int. Airport</Name>
        <TransferZone xsi:type="ProductZone">
          <Code>HKG</Code>
        </TransferZone>
        <DateTime date="20180928" time="1200"/>
        <TerminalType>A</TerminalType>
      </ArrivalInfo>
    </ArrivalTravelInfo>
  </ServiceTransfer>
  <ServiceTransfer xsi:type="ServiceTransfer" transferType="OUT" availToken="X4kgRPIXTmUo3+/8x+dinQ==">
    <ContractList>
      <Contract>
        <Name>TRBHKGMVEL 1718</Name>
        <IncomingOffice code="318"/>
      </Contract>
    </ContractList>
    <DateFrom date="20180930" time="1200"/>
    <Currency code="USD"/>
    <TotalAmount>117.050</TotalAmount>
    <NetPrice>105.350</NetPrice>
    <Commission>11.710</Commission>
    <SellingPrice mandatory="Y">117.050</SellingPrice>
    <TransferInfo xsi:type="ProductTransfer">
      <Code>1|0|0</Code>
      <DescriptionList>
        <Description type="GENERAL" languageCode="ENG">Private hire with driver</Description>
        <Description type="PRODUCT" languageCode="ENG">Premium product type</Description>
        <Description type="VEHICLE" languageCode="ENG">Minivan extra lugagge</Description>
      </DescriptionList>
      <ImageList>
        <Image>
          <Type>S</Type>
          <Url>http://media.stage.activitiesbank.com/giata/transfers/TRD/small/prvt-prm-mvel.png</Url>
        </Image>
        <Image>
          <Type>M</Type>
          <Url>http://media.stage.activitiesbank.com/giata/transfers/TRD/medium/prvt-prm-mvel.png</Url>
        </Image>
        <Image>
          <Type>L</Type>
          <Url>http://media.stage.activitiesbank.com/giata/transfers/TRD/large/prvt-prm-mvel.png</Url>
        </Image>
        <Image>
          <Type>XL</Type>
          <Url>http://media.stage.activitiesbank.com/giata/transfers/TRD/extralarge/prvt-prm-mvel.png</Url>
        </Image>
      </ImageList>
      <Type code="P"/>
      <VehicleType code="F"/>
      <TransferSpecificContent id="1999">
        <GenericTransferGuidelinesList>
          <TransferBulletPoint id="VOUC">
            <Description>VOUCHER </Description>
            <DetailedDescription>Remember to bring this voucher and valid photo ID with you</DetailedDescription>
          </TransferBulletPoint>
          <TransferBulletPoint id="CBBS">
            <Description>CHILDBOOSTER / BABY SEAT</Description>
            <DetailedDescription>Child car seats and boosters are not included unless specified in your booking and can carry an extra cost. Should you need to book them, please contact your point of sale prior to travelling.</DetailedDescription>
          </TransferBulletPoint>
          <TransferBulletPoint id="EXLU">
            <Description>EXCESS LUGGAGE</Description>
            <DetailedDescription>If you arrive at the destination with an excess of luggage, you will have to pay an additional charge for the extra undeclared weight. </DetailedDescription>
          </TransferBulletPoint>
        </GenericTransferGuidelinesList>
        <SpecificTransferInfoList>
          <TransferBulletPoint xsi:type="TransferBulletPointNumber" id="BAEL1" order="1">
            <Description>Maximum capacity per vehicle</Description>
            <Value>6</Value>
            <Metric>Suitcase/s</Metric>
          </TransferBulletPoint>
          <TransferBulletPoint id="M&amp;GEN" order="2">
            <Description>Meet and Greet in English</Description>
          </TransferBulletPoint>
        </SpecificTransferInfoList>
        <MaximumWaitingTime time="30">minutes</MaximumWaitingTime>
        <MaximumWaitingTimeSupplierDomestic time="15">minutes</MaximumWaitingTimeSupplierDomestic>
      </TransferSpecificContent>
    </TransferInfo>
    <Paxes>
      <AdultCount>2</AdultCount>
      <ChildCount>1</ChildCount>
    </Paxes>
    <PickupLocation xsi:type="ProductTransferHotel">
      <Code>69604</Code>
      <Name>The Langham Hong Kong</Name>
      <TransferZone xsi:type="ProductZone">
        <Code>KLN</Code>
      </TransferZone>
    </PickupLocation>
    <DestinationLocation xsi:type="ProductTransferTerminal">
      <Code>HKG</Code>
      <Name>Hong Kong, Hong Kong Int. Airport</Name>
      <TransferZone xsi:type="ProductZone">
        <Code>HKG</Code>
      </TransferZone>
      <TerminalType>A</TerminalType>
      <IATA>HKG</IATA>
    </DestinationLocation>
    <ComissionPercentage>10.000</ComissionPercentage>
    <RetailPrice>117.050</RetailPrice>
    <ComissionVAT>0.000</ComissionVAT>
    <EstimatedTransferDuration>30</EstimatedTransferDuration>
    <ProductSpecifications>
      <MasterServiceType code="PRVT" name="Private"/>
      <MasterProductType code="PRM" name="Premium"/>
      <MasterVehicleType code="MVEL" name="Minivan extra luggage"/>
      <TransferGeneralInfoList>
        <TransferBulletPoint id="ER" order="1">
          <Description>Exclusive ride for you</Description>
        </TransferBulletPoint>
        <TransferBulletPoint id="DTDS" order="2">
          <Description>Door to door service</Description>
        </TransferBulletPoint>
        <TransferBulletPoint id="AV247" order="3">
          <Description>Available 24/7</Description>
        </TransferBulletPoint>
        <TransferBulletPoint id="M&amp;GS" order="4">
          <Description>Meet &amp; Greet service</Description>
        </TransferBulletPoint>
        <TransferBulletPoint id="BAHB" order="11">
          <Description>1 item of hand baggage allowed per person</Description>
        </TransferBulletPoint>
      </TransferGeneralInfoList>
    </ProductSpecifications>
    <TransferPickupInformation>
      <Description>You will be picked up at the hotel main lobby. If you are unable to locate the driver/agent, please call TRB HONG KONG LIMITED on (852) 3952 8500. Languages spoken at the call centre: English, Chinese. Please do not leave the pick-up area without having contacted the agent/driver first.</Description>
    </TransferPickupInformation>
    <DepartureTravelInfo>
      <DepartInfo xsi:type="ProductTransferTerminal">
        <Code>HKG</Code>
        <Name>Hong Kong, Hong Kong Int. Airport</Name>
        <TransferZone xsi:type="ProductZone">
          <Code>HKG</Code>
        </TransferZone>
        <DateTime date="20180930" time="1200"/>
        <TerminalType>A</TerminalType>
      </DepartInfo>
    </DepartureTravelInfo>
  </ServiceTransfer>
  <ServiceTransfer xsi:type="ServiceTransfer" transferType="OUT" availToken="X4kgRPIXTmUo3+/8x+dinQ==">
    <ContractList>
      <Contract>
        <Name>TRBHKGPVT1 1718</Name>
        <IncomingOffice code="318"/>
      </Contract>
    </ContractList>
    <DateFrom date="20180930" time="1200"/>
    <Currency code="USD"/>
    <TotalAmount>109.360</TotalAmount>
    <NetPrice>98.420</NetPrice>
    <Commission>10.940</Commission>
    <SellingPrice mandatory="Y">109.360</SellingPrice>
    <TransferInfo xsi:type="ProductTransfer">
      <Code>1|0|1</Code>
      <DescriptionList>
        <Description type="GENERAL" languageCode="ENG">Private hire with driver</Description>
        <Description type="PRODUCT" languageCode="ENG">Premium product type</Description>
        <Description type="VEHICLE" languageCode="ENG">Minivan</Description>
      </DescriptionList>
      <ImageList>
        <Image>
          <Type>S</Type>
          <Url>http://media.stage.activitiesbank.com/giata/transfers/TRD/small/prvt-prm-mv.png</Url>
        </Image>
        <Image>
          <Type>M</Type>
          <Url>http://media.stage.activitiesbank.com/giata/transfers/TRD/medium/prvt-prm-mv.png</Url>
        </Image>
        <Image>
          <Type>L</Type>
          <Url>http://media.stage.activitiesbank.com/giata/transfers/TRD/large/prvt-prm-mv.png</Url>
        </Image>
        <Image>
          <Type>XL</Type>
          <Url>http://media.stage.activitiesbank.com/giata/transfers/TRD/extralarge/prvt-prm-mv.png</Url>
        </Image>
      </ImageList>
      <Type code="P"/>
      <VehicleType code="K"/>
      <TransferSpecificContent id="1210">
        <GenericTransferGuidelinesList>
          <TransferBulletPoint id="VOUC">
            <Description>VOUCHER </Description>
            <DetailedDescription>Remember to bring this voucher and valid photo ID with you</DetailedDescription>
          </TransferBulletPoint>
          <TransferBulletPoint id="CBBS">
            <Description>CHILDBOOSTER / BABY SEAT</Description>
            <DetailedDescription>Child car seats and boosters are not included unless specified in your booking and can carry an extra cost. Should you need to book them, please contact your point of sale prior to travelling.</DetailedDescription>
          </TransferBulletPoint>
        </GenericTransferGuidelinesList>
        <MaximumWaitingTime time="30">minutes</MaximumWaitingTime>
        <MaximumWaitingTimeSupplierDomestic time="15">minutes</MaximumWaitingTimeSupplierDomestic>
      </TransferSpecificContent>
    </TransferInfo>
    <Paxes>
      <AdultCount>2</AdultCount>
      <ChildCount>1</ChildCount>
    </Paxes>
    <PickupLocation xsi:type="ProductTransferHotel">
      <Code>69604</Code>
      <Name>The Langham Hong Kong</Name>
      <TransferZone xsi:type="ProductZone">
        <Code>KLN</Code>
      </TransferZone>
    </PickupLocation>
    <DestinationLocation xsi:type="ProductTransferTerminal">
      <Code>HKG</Code>
      <Name>Hong Kong, Hong Kong Int. Airport</Name>
      <TransferZone xsi:type="ProductZone">
        <Code>HKG</Code>
      </TransferZone>
      <TerminalType>A</TerminalType>
      <IATA>HKG</IATA>
    </DestinationLocation>
    <ComissionPercentage>10.000</ComissionPercentage>
    <RetailPrice>109.360</RetailPrice>
    <ComissionVAT>0.000</ComissionVAT>
    <EstimatedTransferDuration>30</EstimatedTransferDuration>
    <ProductSpecifications>
      <MasterServiceType code="PRVT" name="Private"/>
      <MasterProductType code="PRM" name="Premium"/>
      <MasterVehicleType code="MV" name="Minivan"/>
      <TransferGeneralInfoList>
        <TransferBulletPoint id="ER" order="1">
          <Description>Exclusive ride for you</Description>
        </TransferBulletPoint>
        <TransferBulletPoint id="DTDS" order="2">
          <Description>Door to door service</Description>
        </TransferBulletPoint>
        <TransferBulletPoint id="AV247" order="3">
          <Description>Available 24/7</Description>
        </TransferBulletPoint>
        <TransferBulletPoint id="M&amp;GS" order="4">
          <Description>Meet &amp; Greet service</Description>
        </TransferBulletPoint>
        <TransferBulletPoint id="BAHB" order="11">
          <Description>1 item of hand baggage allowed per person</Description>
        </TransferBulletPoint>
        <TransferBulletPoint id="BA" order="12">
          <Description>1 piece of baggage allowed per person ( max.dimensions 158cm) length+width+height=158cm</Description>
        </TransferBulletPoint>
      </TransferGeneralInfoList>
    </ProductSpecifications>
    <TransferPickupInformation>
      <Description>You will be picked up at the hotel main lobby. If you are unable to locate the driver/agent, please call TRB HONG KONG LIMITED on (852) 3952 8500. Languages spoken at the call centre: English, Chinese. Please do not leave the pick-up area without having contacted the agent/driver first.</Description>
    </TransferPickupInformation>
    <DepartureTravelInfo>
      <DepartInfo xsi:type="ProductTransferTerminal">
        <Code>HKG</Code>
        <Name>Hong Kong, Hong Kong Int. Airport</Name>
        <TransferZone xsi:type="ProductZone">
          <Code>HKG</Code>
        </TransferZone>
        <DateTime date="20180930" time="1200"/>
        <TerminalType>A</TerminalType>
      </DepartInfo>
    </DepartureTravelInfo>
  </ServiceTransfer>
  <ServiceTransfer xsi:type="ServiceTransfer" transferType="OUT" availToken="X4kgRPIXTmUo3+/8x+dinQ==">
    <ContractList>
      <Contract>
        <Name>TRBHKGPVT1 1718</Name>
        <IncomingOffice code="318"/>
      </Contract>
    </ContractList>
    <DateFrom date="20180930" time="1200"/>
    <Currency code="USD"/>
    <TotalAmount>117.050</TotalAmount>
    <NetPrice>105.350</NetPrice>
    <Commission>11.710</Commission>
    <SellingPrice mandatory="Y">117.050</SellingPrice>
    <TransferInfo xsi:type="ProductTransfer">
      <Code>1|0|2</Code>
      <DescriptionList>
        <Description type="GENERAL" languageCode="ENG">Private hire with driver</Description>
        <Description type="PRODUCT" languageCode="ENG">Luxury product type</Description>
        <Description type="VEHICLE" languageCode="ENG">Minivan</Description>
      </DescriptionList>
      <ImageList>
        <Image>
          <Type>S</Type>
          <Url>http://media.stage.activitiesbank.com/giata/transfers/TRD/small/prvt-lxr-mv.png</Url>
        </Image>
        <Image>
          <Type>M</Type>
          <Url>http://media.stage.activitiesbank.com/giata/transfers/TRD/medium/prvt-lxr-mv.png</Url>
        </Image>
        <Image>
          <Type>L</Type>
          <Url>http://media.stage.activitiesbank.com/giata/transfers/TRD/large/prvt-lxr-mv.png</Url>
        </Image>
        <Image>
          <Type>XL</Type>
          <Url>http://media.stage.activitiesbank.com/giata/transfers/TRD/extralarge/prvt-lxr-mv.png</Url>
        </Image>
      </ImageList>
      <Type code="P"/>
      <VehicleType code="Q"/>
      <TransferSpecificContent id="1853">
        <GenericTransferGuidelinesList>
          <TransferBulletPoint id="VOUC">
            <Description>VOUCHER </Description>
            <DetailedDescription>Remember to bring this voucher and valid photo ID with you</DetailedDescription>
          </TransferBulletPoint>
          <TransferBulletPoint id="CBBS">
            <Description>CHILDBOOSTER / BABY SEAT</Description>
            <DetailedDescription>Child car seats and boosters are not included unless specified in your booking and can carry an extra cost. Should you need to book them, please contact your point of sale prior to travelling.</DetailedDescription>
          </TransferBulletPoint>
        </GenericTransferGuidelinesList>
        <SpecificTransferInfoList>
          <TransferBulletPoint id="M&amp;GEN" order="1">
            <Description>Meet and Greet in English</Description>
          </TransferBulletPoint>
        </SpecificTransferInfoList>
        <MaximumWaitingTime time="20">minutes</MaximumWaitingTime>
        <MaximumWaitingTimeSupplierDomestic time="20">minutes</MaximumWaitingTimeSupplierDomestic>
      </TransferSpecificContent>
    </TransferInfo>
    <Paxes>
      <AdultCount>2</AdultCount>
      <ChildCount>1</ChildCount>
    </Paxes>
    <PickupLocation xsi:type="ProductTransferHotel">
      <Code>69604</Code>
      <Name>The Langham Hong Kong</Name>
      <TransferZone xsi:type="ProductZone">
        <Code>KLN</Code>
      </TransferZone>
    </PickupLocation>
    <DestinationLocation xsi:type="ProductTransferTerminal">
      <Code>HKG</Code>
      <Name>Hong Kong, Hong Kong Int. Airport</Name>
      <TransferZone xsi:type="ProductZone">
        <Code>HKG</Code>
      </TransferZone>
      <TerminalType>A</TerminalType>
      <IATA>HKG</IATA>
    </DestinationLocation>
    <ComissionPercentage>10.000</ComissionPercentage>
    <RetailPrice>117.050</RetailPrice>
    <ComissionVAT>0.000</ComissionVAT>
    <EstimatedTransferDuration>30</EstimatedTransferDuration>
    <ProductSpecifications>
      <MasterServiceType code="PRVT" name="Private"/>
      <MasterProductType code="LXR" name="Luxury"/>
      <MasterVehicleType code="MV" name="Minivan"/>
      <TransferGeneralInfoList>
        <TransferBulletPoint id="ER" order="1">
          <Description>Exclusive ride for you</Description>
        </TransferBulletPoint>
        <TransferBulletPoint id="DTDS" order="2">
          <Description>Door to door service</Description>
        </TransferBulletPoint>
        <TransferBulletPoint id="AV247" order="3">
          <Description>Available 24/7</Description>
        </TransferBulletPoint>
        <TransferBulletPoint id="M&amp;GS" order="4">
          <Description>Meet &amp; Greet service</Description>
        </TransferBulletPoint>
        <TransferBulletPoint id="BAHB" order="10">
          <Description>1 item of hand baggage allowed per person</Description>
        </TransferBulletPoint>
        <TransferBulletPoint id="BA" order="12">
          <Description>1 piece of baggage allowed per person ( max.dimensions 158cm) length+width+height=158cm</Description>
        </TransferBulletPoint>
      </TransferGeneralInfoList>
    </ProductSpecifications>
    <TransferPickupInformation>
      <Description>You will be picked up at the hotel main lobby. If you are unable to locate the driver/agent, please call TRB HONG KONG LIMITED on (852) 3952 8500. Languages spoken at the call centre: English, Chinese. Please do not leave the pick-up area without having contacted the agent/driver first.</Description>
    </TransferPickupInformation>
    <DepartureTravelInfo>
      <DepartInfo xsi:type="ProductTransferTerminal">
        <Code>HKG</Code>
        <Name>Hong Kong, Hong Kong Int. Airport</Name>
        <TransferZone xsi:type="ProductZone">
          <Code>HKG</Code>
        </TransferZone>
        <DateTime date="20180930" time="1200"/>
        <TerminalType>A</TerminalType>
      </DepartInfo>
    </DepartureTravelInfo>
  </ServiceTransfer>
  <ServiceTransfer xsi:type="ServiceTransfer" transferType="OUT" availToken="X4kgRPIXTmUo3+/8x+dinQ==">
    <ContractList>
      <Contract>
        <Name>VIGORSICHKG2-18</Name>
        <IncomingOffice code="318"/>
      </Contract>
    </ContractList>
    <DateFrom date="20180930" time="1200"/>
    <Currency code="USD"/>
    <TotalAmount>49.470</TotalAmount>
    <NetPrice>44.520</NetPrice>
    <Commission>4.950</Commission>
    <SellingPrice mandatory="Y">49.470</SellingPrice>
    <TransferInfo xsi:type="ProductTransfer">
      <Code>1|0|3</Code>
      <DescriptionList>
        <Description type="GENERAL" languageCode="ENG">With other passengers</Description>
        <Description type="PRODUCT" languageCode="ENG">Standard product type</Description>
        <Description type="VEHICLE" languageCode="ENG">Bus</Description>
      </DescriptionList>
      <ImageList>
        <Image>
          <Type>S</Type>
          <Url>http://media.stage.activitiesbank.com/giata/transfers/TRD/small/shrd-stnd-bs.png</Url>
        </Image>
        <Image>
          <Type>M</Type>
          <Url>http://media.stage.activitiesbank.com/giata/transfers/TRD/medium/shrd-stnd-bs.png</Url>
        </Image>
        <Image>
          <Type>L</Type>
          <Url>http://media.stage.activitiesbank.com/giata/transfers/TRD/large/shrd-stnd-bs.png</Url>
        </Image>
        <Image>
          <Type>XL</Type>
          <Url>http://media.stage.activitiesbank.com/giata/transfers/TRD/extralarge/shrd-stnd-bs.png</Url>
        </Image>
      </ImageList>
      <Type code="B"/>
      <VehicleType code="W"/>
      <TransferSpecificContent id="562">
        <GenericTransferGuidelinesList>
          <TransferBulletPoint id="VOUC">
            <Description>VOUCHER </Description>
            <DetailedDescription>Remember to bring this voucher and valid photo ID with you</DetailedDescription>
          </TransferBulletPoint>
          <TransferBulletPoint id="CBBS">
            <Description>CHILDBOOSTER / BABY SEAT</Description>
            <DetailedDescription>Child car seats and boosters are not included unless specified in your booking and can carry an extra cost. Should you need to book them, please contact your point of sale prior to travelling.</DetailedDescription>
          </TransferBulletPoint>
        </GenericTransferGuidelinesList>
        <MaximumWaitingTime time="30">minutes</MaximumWaitingTime>
        <MaximumWaitingTimeSupplierDomestic time="5">minutes</MaximumWaitingTimeSupplierDomestic>
      </TransferSpecificContent>
    </TransferInfo>
    <Paxes>
      <AdultCount>2</AdultCount>
      <ChildCount>1</ChildCount>
    </Paxes>
    <PickupLocation xsi:type="ProductTransferHotel">
      <Code>69604</Code>
      <Name>The Langham Hong Kong</Name>
      <TransferZone xsi:type="ProductZone">
        <Code>KLN</Code>
      </TransferZone>
    </PickupLocation>
    <DestinationLocation xsi:type="ProductTransferTerminal">
      <Code>HKG</Code>
      <Name>Hong Kong, Hong Kong Int. Airport</Name>
      <TransferZone xsi:type="ProductZone">
        <Code>HKG</Code>
      </TransferZone>
      <TerminalType>A</TerminalType>
      <IATA>HKG</IATA>
    </DestinationLocation>
    <ComissionPercentage>10.000</ComissionPercentage>
    <RetailPrice>49.470</RetailPrice>
    <ComissionVAT>0.000</ComissionVAT>
    <EstimatedTransferDuration>30</EstimatedTransferDuration>
    <ProductSpecifications>
      <MasterServiceType code="SHRD" name="Shared - Shuttle"/>
      <MasterProductType code="STND" name="Standard"/>
      <MasterVehicleType code="BS" name="Bus"/>
      <TransferGeneralInfoList>
        <TransferBulletPoint xsi:type="TransferBulletPointNumber" id="MST" order="3">
          <Description>Maximum</Description>
          <Value>13</Value>
          <Metric>stops</Metric>
        </TransferBulletPoint>
        <TransferBulletPoint id="BAHB" order="10">
          <Description>1 item of hand baggage allowed per person</Description>
        </TransferBulletPoint>
        <TransferBulletPoint id="BA" order="12">
          <Description>1 piece of baggage allowed per person ( max.dimensions 158cm) length+width+height=158cm</Description>
        </TransferBulletPoint>
      </TransferGeneralInfoList>
    </ProductSpecifications>
    <TransferPickupInformation>
      <Description>You will be picked up at the hotel reception. Please contact hotel staff for more information. If you are unable to locate the driver/agent, please call Vigor on 00852 2739 3828. Languages spoken at the call centre: Cantonese, Chinese, English Please do not leave the pick-up area without having contacted the agent/driver first.</Description>
    </TransferPickupInformation>
    <DepartureTravelInfo>
      <DepartInfo xsi:type="ProductTransferTerminal">
        <Code>HKG</Code>
        <Name>Hong Kong, Hong Kong Int. Airport</Name>
        <TransferZone xsi:type="ProductZone">
          <Code>HKG</Code>
        </TransferZone>
        <DateTime date="20180930" time="1200"/>
        <TerminalType>A</TerminalType>
      </DepartInfo>
    </DepartureTravelInfo>
  </ServiceTransfer>
</TransferValuedAvailRS>
