<air:LowFareSearchRsp xmlns:air="http://www.travelport.com/schema/air_v42_0" xmlns:common_v42_0="http://www.travelport.com/schema/common_v42_0" TraceId="063eff6f-d662-490b-84c2-b9d633ea33b4" TransactionId="B8041EBA0A07643BFFF2A6FAB85E7D01" ResponseTime="1500" DistanceUnits="MI" CurrencyType="EUR"><common_v42_0:ResponseMessage Code="14" Type="Warning" ProviderCode="ACH">LS does not support Passenger Type Code CNN; request submitted as CHD</common_v42_0:ResponseMessage><common_v42_0:ResponseMessage Code="14" Type="Warning" ProviderCode="ACH">LS carrier may not support private fares with account codes</common_v42_0:ResponseMessage><air:FlightDetailsList><air:FlightDetails Key="giOpe27Q2BKA6/jKEAAAAA==" Origin="AMS" Destination="LBA" DepartureTime="2017-09-28T19:45:00.000+02:00" ArrivalTime="2017-09-28T20:00:00.000+01:00" FlightTime="75" TravelTime="75" /><air:FlightDetails Key="giOpe27Q2BKA8/jKEAAAAA==" Origin="LBA" Destination="AMS" DepartureTime="2017-10-04T17:00:00.000+01:00" ArrivalTime="2017-10-04T19:15:00.000+02:00" FlightTime="75" TravelTime="75" /></air:FlightDetailsList><air:AirSegmentList><air:AirSegment Key="giOpe27Q2BKA5/jKEAAAAA==" Group="0" Carrier="LS" FlightNumber="206" Origin="AMS" Destination="LBA" DepartureTime="2017-09-28T19:45:00.000+02:00" ArrivalTime="2017-09-28T20:00:00.000+01:00" FlightTime="75" Status="KK" SupplierCode="LS" ChangeOfPlane="false" OptionalServicesIndicator="false" APISRequirementsRef="giOpe27Q2BKAbAkKEAAAAA=="><air:CodeshareInfo OperatingCarrier="LS" OperatingFlightNumber="206" /><air:AirAvailInfo ProviderCode="ACH" /><air:FlightDetailsRef Key="giOpe27Q2BKA6/jKEAAAAA==" /></air:AirSegment><air:AirSegment Key="giOpe27Q2BKA7/jKEAAAAA==" Group="1" Carrier="LS" FlightNumber="205" Origin="LBA" Destination="AMS" DepartureTime="2017-10-04T17:00:00.000+01:00" ArrivalTime="2017-10-04T19:15:00.000+02:00" FlightTime="75" Status="KK" SupplierCode="LS" ChangeOfPlane="false" OptionalServicesIndicator="false" APISRequirementsRef="giOpe27Q2BKAbAkKEAAAAA=="><air:CodeshareInfo OperatingCarrier="LS" OperatingFlightNumber="205" /><air:AirAvailInfo ProviderCode="ACH" /><air:FlightDetailsRef Key="giOpe27Q2BKA8/jKEAAAAA==" /></air:AirSegment></air:AirSegmentList><air:FareInfoList><air:FareInfo Key="giOpe27Q2BKA9/jKEAAAAA==" FareBasis="Y" PassengerTypeCode="ADT" Origin="AMS" Destination="LBA" EffectiveDate="2017-08-06T16:47:46.000+02:00" Amount="EUR2.00" PromotionalFare="false" FareFamily="Economy" SupplierCode="LS"><air:FareRuleKey FareInfoRef="giOpe27Q2BKA9/jKEAAAAA==" ProviderCode="ACH">uuid-2c950616-ee5e-4794-823f-567106b0239c</air:FareRuleKey></air:FareInfo><air:FareInfo Key="giOpe27Q2BKAIAkKEAAAAA==" FareBasis="Y" PassengerTypeCode="CHD" Origin="AMS" Destination="LBA" EffectiveDate="2017-08-06T16:47:46.000+02:00" Amount="EUR2.00" PromotionalFare="false" FareFamily="Economy" SupplierCode="LS"><air:FareRuleKey FareInfoRef="giOpe27Q2BKAIAkKEAAAAA==" ProviderCode="ACH">uuid-319e509f-8bc2-4880-a7c1-1e8527597e95</air:FareRuleKey></air:FareInfo><air:FareInfo Key="giOpe27Q2BKARAkKEAAAAA==" FareBasis="Y" PassengerTypeCode="INF" Origin="AMS" Destination="LBA" EffectiveDate="2017-08-06T16:47:46.000+02:00" Amount="EUR29.00" PromotionalFare="false" FareFamily="Economy" SupplierCode="LS"><air:FareRuleKey FareInfoRef="giOpe27Q2BKARAkKEAAAAA==" ProviderCode="ACH">uuid-5d1611b5-6f41-45f2-a223-1842115ea2c7</air:FareRuleKey></air:FareInfo><air:FareInfo Key="giOpe27Q2BKABAkKEAAAAA==" FareBasis="Y" PassengerTypeCode="ADT" Origin="LBA" Destination="AMS" EffectiveDate="2017-08-06T16:47:46.000+02:00" Amount="EUR2.00" PromotionalFare="false" FareFamily="Economy" SupplierCode="LS"><air:FareRuleKey FareInfoRef="giOpe27Q2BKABAkKEAAAAA==" ProviderCode="ACH">uuid-8dd3a00d-8331-42a4-8909-7587c0a5f12d</air:FareRuleKey></air:FareInfo><air:FareInfo Key="giOpe27Q2BKAMAkKEAAAAA==" FareBasis="Y" PassengerTypeCode="CHD" Origin="LBA" Destination="AMS" EffectiveDate="2017-08-06T16:47:46.000+02:00" Amount="EUR2.00" PromotionalFare="false" FareFamily="Economy" SupplierCode="LS"><air:FareRuleKey FareInfoRef="giOpe27Q2BKAMAkKEAAAAA==" ProviderCode="ACH">uuid-eb3f85ff-1ff0-4ab0-811e-9a04218500ec</air:FareRuleKey></air:FareInfo><air:FareInfo Key="giOpe27Q2BKATAkKEAAAAA==" FareBasis="Y" PassengerTypeCode="INF" Origin="LBA" Destination="AMS" EffectiveDate="2017-08-06T16:47:46.000+02:00" Amount="EUR29.00" PromotionalFare="false" FareFamily="Economy" SupplierCode="LS"><air:FareRuleKey FareInfoRef="giOpe27Q2BKATAkKEAAAAA==" ProviderCode="ACH">uuid-5f5d771a-93ec-4c26-97aa-62f3cf8705c8</air:FareRuleKey></air:FareInfo></air:FareInfoList><air:HostTokenList><common_v42_0:HostToken Key="giOpe27Q2BKAYAkKEAAAAA==">JETLS{IS###}EUR{CC###ET}ACHSDv01LPD1:3d3830b4-c030-471c-854b-613770c8aa8b</common_v42_0:HostToken><common_v42_0:HostToken Key="giOpe27Q2BKAZAkKEAAAAA==">JETLS{IS###}EUR{CC###ET}ACHSDv01LPD1:84c88ce2-3b32-4b5f-a4f5-c922d404a3b2</common_v42_0:HostToken></air:HostTokenList><air:APISRequirementsList><air:APISRequirements Key="giOpe27Q2BKAbAkKEAAAAA==" Level="Supported"><air:Document Sequence="1" Type="Passport" Level="Supported" /><air:Document Sequence="2" Type="MilitaryIdentification" Level="Supported" /><air:Document Sequence="3" Type="Other" Level="Supported" /><air:Document Sequence="4" Type="Other" Level="Supported" /></air:APISRequirements></air:APISRequirementsList><air:RouteList><air:Route Key="giOpe27Q2BKAaAkKEAAAAA=="><air:Leg Key="giOpe27Q2BKAEAkKEAAAAA==" Group="0" Origin="AMS" Destination="LBA" /><air:Leg Key="giOpe27Q2BKAHAkKEAAAAA==" Group="1" Origin="LBA" Destination="AMS" /></air:Route></air:RouteList><air:AirPricePointList><air:AirPricePoint Key="giOpe27Q2BKAcAkKEAAAAA==" TotalPrice="EUR373.04" BasePrice="EUR70.00" ApproximateTotalPrice="EUR373.04" ApproximateBasePrice="EUR70.00" Taxes="EUR303.04" ApproximateTaxes="EUR303.04" CompleteItinerary="true"><air:AirPricingInfo Key="giOpe27Q2BKA+/jKEAAAAA==" TotalPrice="EUR110.68" BasePrice="EUR4.00" ApproximateTotalPrice="EUR110.68" ApproximateBasePrice="EUR4.00" Taxes="EUR106.68" PricingMethod="Auto" ProviderCode="ACH"><air:FareInfoRef Key="giOpe27Q2BKA9/jKEAAAAA==" /><air:FareInfoRef Key="giOpe27Q2BKABAkKEAAAAA==" /><air:TaxInfo Category="NL" Amount="EUR53.97" SupplierCode="LS" /><air:TaxInfo Category="GB" Amount="EUR52.71" SupplierCode="LS" /><air:PassengerType Code="ADT" /><air:PassengerType Code="ADT" /><air:FlightOptionsList><air:FlightOption LegRef="giOpe27Q2BKAEAkKEAAAAA==" Destination="LBA" Origin="AMS"><air:Option Key="giOpe27Q2BKACAkKEAAAAA==" TravelTime="P0DT1H15M0S"><air:BookingInfo BookingCode="Y" CabinClass="Economy" FareInfoRef="giOpe27Q2BKA9/jKEAAAAA==" SegmentRef="giOpe27Q2BKA5/jKEAAAAA==" HostTokenRef="giOpe27Q2BKAZAkKEAAAAA==" /></air:Option></air:FlightOption><air:FlightOption LegRef="giOpe27Q2BKAHAkKEAAAAA==" Destination="AMS" Origin="LBA"><air:Option Key="giOpe27Q2BKAFAkKEAAAAA==" TravelTime="P0DT1H15M0S"><air:BookingInfo BookingCode="Y" CabinClass="Economy" FareInfoRef="giOpe27Q2BKABAkKEAAAAA==" SegmentRef="giOpe27Q2BKA7/jKEAAAAA==" HostTokenRef="giOpe27Q2BKAYAkKEAAAAA==" /></air:Option></air:FlightOption></air:FlightOptionsList></air:AirPricingInfo><air:AirPricingInfo Key="giOpe27Q2BKAJAkKEAAAAA==" TotalPrice="EUR93.68" BasePrice="EUR4.00" ApproximateTotalPrice="EUR93.68" ApproximateBasePrice="EUR4.00" Taxes="EUR89.68" PricingMethod="Auto" ProviderCode="ACH"><air:FareInfoRef Key="giOpe27Q2BKAIAkKEAAAAA==" /><air:FareInfoRef Key="giOpe27Q2BKAMAkKEAAAAA==" /><air:TaxInfo Category="NL" Amount="EUR53.97" SupplierCode="LS" /><air:TaxInfo Category="GB" Amount="EUR35.71" SupplierCode="LS" /><air:PassengerType Code="CNN" Age="5" /><air:FlightOptionsList><air:FlightOption LegRef="giOpe27Q2BKAEAkKEAAAAA==" Destination="LBA" Origin="AMS"><air:Option Key="giOpe27Q2BKANAkKEAAAAA==" TravelTime="P0DT1H15M0S"><air:BookingInfo BookingCode="Y" CabinClass="Economy" FareInfoRef="giOpe27Q2BKAIAkKEAAAAA==" SegmentRef="giOpe27Q2BKA5/jKEAAAAA==" HostTokenRef="giOpe27Q2BKAZAkKEAAAAA==" /></air:Option></air:FlightOption><air:FlightOption LegRef="giOpe27Q2BKAHAkKEAAAAA==" Destination="AMS" Origin="LBA"><air:Option Key="giOpe27Q2BKAPAkKEAAAAA==" TravelTime="P0DT1H15M0S"><air:BookingInfo BookingCode="Y" CabinClass="Economy" FareInfoRef="giOpe27Q2BKAMAkKEAAAAA==" SegmentRef="giOpe27Q2BKA7/jKEAAAAA==" HostTokenRef="giOpe27Q2BKAYAkKEAAAAA==" /></air:Option></air:FlightOption></air:FlightOptionsList></air:AirPricingInfo><air:AirPricingInfo Key="giOpe27Q2BKASAkKEAAAAA==" TotalPrice="EUR58.00" BasePrice="EUR58.00" ApproximateTotalPrice="EUR58.00" ApproximateBasePrice="EUR58.00" PricingMethod="Auto" ProviderCode="ACH"><air:FareInfoRef Key="giOpe27Q2BKARAkKEAAAAA==" /><air:FareInfoRef Key="giOpe27Q2BKATAkKEAAAAA==" /><air:PassengerType Code="INF" Age="1" /><air:FlightOptionsList><air:FlightOption LegRef="giOpe27Q2BKAEAkKEAAAAA==" Destination="LBA" Origin="AMS"><air:Option Key="giOpe27Q2BKAUAkKEAAAAA==" TravelTime="P0DT1H15M0S"><air:BookingInfo BookingCode="Y" CabinClass="Economy" FareInfoRef="giOpe27Q2BKARAkKEAAAAA==" SegmentRef="giOpe27Q2BKA5/jKEAAAAA==" HostTokenRef="giOpe27Q2BKAZAkKEAAAAA==" /></air:Option></air:FlightOption><air:FlightOption LegRef="giOpe27Q2BKAHAkKEAAAAA==" Destination="AMS" Origin="LBA"><air:Option Key="giOpe27Q2BKAWAkKEAAAAA==" TravelTime="P0DT1H15M0S"><air:BookingInfo BookingCode="Y" CabinClass="Economy" FareInfoRef="giOpe27Q2BKATAkKEAAAAA==" SegmentRef="giOpe27Q2BKA7/jKEAAAAA==" HostTokenRef="giOpe27Q2BKAYAkKEAAAAA==" /></air:Option></air:FlightOption></air:FlightOptionsList></air:AirPricingInfo><air:TaxInfo Category="NL" Amount="EUR161.91" SupplierCode="LS" /><air:TaxInfo Category="GB" Amount="EUR141.13" SupplierCode="LS" /></air:AirPricePoint></air:AirPricePointList></air:LowFareSearchRsp>