<AirPriceReq xmlns="http://www.travelport.com/schema/air_v42_0" TraceId="3163dc13-d50f-41d1-8a90-406847284d41" AuthorizedBy="Travelport" TargetBranch="P7003720"><BillingPointOfSaleInfo xmlns="http://www.travelport.com/schema/common_v42_0" OriginApplication="uAPI" /><AirItinerary><AirSegment Key="giOpe27Q2BKA5/jKEAAAAA==" Status="KK" HostTokenRef="giOpe27Q2BKAZAkKEAAAAA==" Group="0" Carrier="LS" FlightNumber="206" Origin="AMS" Destination="LBA" DepartureTime="2017-09-28T19:45:00.000+02:00" ArrivalTime="2017-09-28T20:00:00.000+01:00" FlightTime="75" ProviderCode="ACH" SupplierCode="LS" ClassOfService="Y"><CodeshareInfo OperatingCarrier="LS" OperatingFlightNumber="206" /></AirSegment><AirSegment Key="giOpe27Q2BKA7/jKEAAAAA==" Status="KK" HostTokenRef="giOpe27Q2BKAYAkKEAAAAA==" Group="1" Carrier="LS" FlightNumber="205" Origin="LBA" Destination="AMS" DepartureTime="2017-10-04T17:00:00.000+01:00" ArrivalTime="2017-10-04T19:15:00.000+02:00" FlightTime="75" ProviderCode="ACH" SupplierCode="LS" ClassOfService="Y"><CodeshareInfo OperatingCarrier="LS" OperatingFlightNumber="205" /></AirSegment><HostToken xmlns="http://www.travelport.com/schema/common_v42_0" Key="giOpe27Q2BKAZAkKEAAAAA==">JETLS{IS###}EUR{CC###ET}ACHSDv01LPD1:84c88ce2-3b32-4b5f-a4f5-c922d404a3b2</HostToken><HostToken xmlns="http://www.travelport.com/schema/common_v42_0" Key="giOpe27Q2BKAYAkKEAAAAA==">JETLS{IS###}EUR{CC###ET}ACHSDv01LPD1:3d3830b4-c030-471c-854b-613770c8aa8b</HostToken></AirItinerary><AirPricingModifiers><BrandModifiers ModifierType="FareFamilyDisplay" /></AirPricingModifiers><SearchPassenger xmlns="http://www.travelport.com/schema/common_v42_0" Code="ADT" BookingTravelerRef="a3c1OTJmbGJkek5sOFV0eQ==" Key="a3c1OTJmbGJkek5sOFV0eQ==" /><SearchPassenger xmlns="http://www.travelport.com/schema/common_v42_0" Code="ADT" BookingTravelerRef="emYyUU9CS21qZGFiaUtMVg==" Key="emYyUU9CS21qZGFiaUtMVg==" /><SearchPassenger xmlns="http://www.travelport.com/schema/common_v42_0" Code="CNN" Age="5" BookingTravelerRef="ZmhXeDd6UnJRVHlHRzBlQQ==" Key="ZmhXeDd6UnJRVHlHRzBlQQ==" /><SearchPassenger xmlns="http://www.travelport.com/schema/common_v42_0" Code="INF" Age="1" BookingTravelerRef="VTV6YnpoQjg1MU5Lb3lPUw==" Key="VTV6YnpoQjg1MU5Lb3lPUw==" /><AirPricingCommand><AirSegmentPricingModifiers AirSegmentRef="giOpe27Q2BKA5/jKEAAAAA==" CabinClass="Economy" FareBasisCode="Y" /><AirSegmentPricingModifiers AirSegmentRef="giOpe27Q2BKA7/jKEAAAAA==" CabinClass="Economy" FareBasisCode="Y" /></AirPricingCommand><FormOfPayment xmlns="http://www.travelport.com/schema/common_v42_0" Type="Credit" /></AirPriceReq>