<?xml version="1.0" encoding="utf-8"?>
<s:Envelope xmlns:s="http://schemas.xmlsoap.org/soap/envelope/">
  <s:Header>
    <Action xmlns="http://schemas.microsoft.com/ws/2005/05/addressing/none" s:mustUnderstand="1">http://localhost:8080/kestrel/AirService</Action>
  </s:Header>
  <s:Body xmlns:xsi="http://www.w3.org/2001/XMLSchema-instance" xmlns:xsd="http://www.w3.org/2001/XMLSchema">
    <AirPriceReq xmlns="http://www.travelport.com/schema/air_v41_0" xmlns:common_v41_0="http://www.travelport.com/schema/common_v41_0" TargetBranch="P7003720" CheckOBFees="true" AuthorizedBy="user">
      <BillingPointOfSaleInfo xmlns="http://www.travelport.com/schema/common_v41_0" OriginApplication="UAPI"/>
      <AirItinerary>
        <AirSegment ArrivalTime="2017-10-11T10:10:00.000+01:00" Carrier="FR" ClassOfService="Y" DepartureTime="2017-10-11T08:50:00.000+01:00" Destination="DUB" Equipment="738" FlightNumber="121" FlightTime="80" Group="0" HostTokenRef="giOpe27Q2BKAF1dJEAAAAA==" Key="giOpe27Q2BKAWGdJEAAAAA==" Origin="LGW" ProviderCode="ACH" Status="KK" SupplierCode="FR"/>
        <AirSegment ArrivalTime="2017-10-31T17:20:00.000+00:00" Carrier="FR" ClassOfService="Y" DepartureTime="2017-10-31T15:50:00.000+00:00" Destination="LGW" Equipment="738" FlightNumber="116" FlightTime="90" Group="1" HostTokenRef="giOpe27Q2BKAm1dJEAAAAA==" Key="giOpe27Q2BKACIdJEAAAAA==" Origin="DUB" ProviderCode="ACH" Status="KK" SupplierCode="FR"/>
        <common_v41_0:HostToken xmlns="http://www.travelport.com/schema/common_v41_0" Key="giOpe27Q2BKAF1dJEAAAAA==">H4sIAAAAAAAAAFvzloG1hIHVzy/YLQgAVBt8CQwAAAA={IS@@@}H4sIAAAAAAAAAFvzloG1hIHZ3SkAAD3MWJcKAAAA{CC@@@ET}ACHSDv01LPD1:7e782293-daa1-46f3-91d6-209ece592d45</common_v41_0:HostToken>
        <common_v41_0:HostToken xmlns="http://www.travelport.com/schema/common_v41_0" Key="giOpe27Q2BKAm1dJEAAAAA==">H4sIAAAAAAAAAFvzloG1hIHVzy/YLQgAVBt8CQwAAAA={IS@@@}H4sIAAAAAAAAAFvzloG1hIHZ3SkAAD3MWJcKAAAA{CC@@@ET}ACHSDv01LPD1:cc4613b6-fbc2-4b2f-b640-8113da6a9492</common_v41_0:HostToken>
      </AirItinerary>
      <SearchPassenger xmlns="http://www.travelport.com/schema/common_v41_0" Key="0" Code="ADT"/>
      <SearchPassenger xmlns="http://www.travelport.com/schema/common_v41_0" Key="1" Code="ADT"/>
      <SearchPassenger xmlns="http://www.travelport.com/schema/common_v41_0" Key="2" Code="CHD" Age="10"/>
      <SearchPassenger xmlns="http://www.travelport.com/schema/common_v41_0" Key="3" Code="INF" Age="1"/>
      <AirPricingCommand/>
      <AirPricingCommand CabinClass="Economy">
        <AirSegmentPricingModifiers AirSegmentRef="giOpe27Q2BKAWGdJEAAAAA==" FareBasisCode="AZ5LOW"/>
        <AirSegmentPricingModifiers AirSegmentRef="giOpe27Q2BKACIdJEAAAAA==" FareBasisCode="AZ5LOW"/>
      </AirPricingCommand>
      <FormOfPayment xmlns="http://www.travelport.com/schema/common_v41_0" Type="Credit">
        <CreditCard CVV="737" ExpDate="2018-08" Name="Veera K" Number="4111111111111111" Type="VI">
          <BillingAddress>
            <AddressName>Smiths</AddressName>
            <Street>14 Aurora Street</Street>
            <City>Sydney</City>
            <State>NSW</State>
            <PostalCode>2000</PostalCode>
            <Country>AU</Country>
          </BillingAddress>
        </CreditCard>
      </FormOfPayment>
    </AirPriceReq>
  </s:Body>
</s:Envelope>
