<?xml version="1.0" encoding="utf-8"?>
<s:Envelope xmlns:s="http://schemas.xmlsoap.org/soap/envelope/">
  <s:Header>
    <Action xmlns="http://schemas.microsoft.com/ws/2005/05/addressing/none" s:mustUnderstand="1">http://localhost:8080/kestrel/AirService</Action>
  </s:Header>
  <s:Body xmlns:xsi="http://www.w3.org/2001/XMLSchema-instance" xmlns:xsd="http://www.w3.org/2001/XMLSchema">
    <air:LowFareSearchAsynchReq xmlns:air="http://www.travelport.com/schema/air_v41_0" SolutionResult="true" PreferCompleteItinerary="true" AuthorizedBy="user" TargetBranch="P7003720" ReturnUpsellFare="true">
      <com:BillingPointOfSaleInfo xmlns:com="http://www.travelport.com/schema/common_v41_0" OriginApplication="UAPI"/>
      <air:SearchAirLeg>
        <air:SearchOrigin>
          <com:CityOrAirport xmlns:com="http://www.travelport.com/schema/common_v41_0" Code="LTN" PreferCity="true"/>
        </air:SearchOrigin>
        <air:SearchDestination>
          <com:CityOrAirport xmlns:com="http://www.travelport.com/schema/common_v41_0" Code="DUB" PreferCity="true"/>
        </air:SearchDestination>
        <air:SearchDepTime PreferredTime="2017-10-11"/>
      </air:SearchAirLeg>
      <air:SearchAirLeg>
        <air:SearchOrigin>
          <com:CityOrAirport xmlns:com="http://www.travelport.com/schema/common_v41_0" Code="DUB" PreferCity="true"/>
        </air:SearchOrigin>
        <air:SearchDestination>
          <com:CityOrAirport xmlns:com="http://www.travelport.com/schema/common_v41_0" Code="LTN" PreferCity="true"/>
        </air:SearchDestination>
        <air:SearchDepTime PreferredTime="2017-10-31"/>
      </air:SearchAirLeg>
      <air:AirSearchModifiers>
        <air:PreferredProviders>
          <com:Provider xmlns:com="http://www.travelport.com/schema/common_v41_0" Code="ACH"/>
          <!--<com:Provider Code="1G" xmlns:com="http://www.travelport.com/schema/common_v41_0" />-->
        </air:PreferredProviders>
        <!--<air:PreferredCarriers>
                     <com:Carrier xmlns:com="http://www.travelport.com/schema/common_v41_0" Code="U2" />
                     <com:Carrier xmlns:com="http://www.travelport.com/schema/common_v41_0" Code="TR" />
                   </air:PreferredCarriers>
                    <air:FlightType DoubleInterlineCon="false"  DoubleOnlineCon="false"  SingleInterlineCon="false" SingleOnlineCon="false" NonStopDirects="false" StopDirects="false" TripleInterlineCon="false" TripleOnlineCon="false"></air:FlightType>-->
      </air:AirSearchModifiers>
      <com:SearchPassenger xmlns:com="http://www.travelport.com/schema/common_v41_0" Code="ADT" Age="40" DOB="1977-06-13"/>
      <com:SearchPassenger xmlns:com="http://www.travelport.com/schema/common_v41_0" Code="ADT" Age="40" DOB="1977-06-13"/>
      <com:SearchPassenger xmlns:com="http://www.travelport.com/schema/common_v41_0" Code="CNN" Age="10" DOB="2007-06-13"/>
      <com:SearchPassenger xmlns:com="http://www.travelport.com/schema/common_v41_0" Code="INF" Age="1"/>
      <air:AirPricingModifiers CurrencyType="EUR">
        <!--<air:AccountCodes>
      <com:AccountCode xmlns:com="http://www.travelport.com/schema/common_v41_0" Code="-" />
    </air:AccountCodes>-->
      </air:AirPricingModifiers>
      <air:AirSearchAsynchModifiers>
        <air:InitialAsynchResult MaxWait="1"/>
      </air:AirSearchAsynchModifiers>
    </air:LowFareSearchAsynchReq>
  </s:Body>
</s:Envelope>
