<PurchaseCancelRS xmlns="http://www.hotelbeds.com/schemas/2005/06/messages" xmlns:xsi="http://www.w3.org/2001/XMLSchema-instance" xsi:schemaLocation="http://www.hotelbeds.com/schemas/2005/06/messages PurchaseCancelRS.xsd" type="C"><AuditData><ProcessTime>6225</ProcessTime><Timestamp>2018-05-30 08:19:18.552</Timestamp><RequestHost>199.79.62.63</RequestHost><ServerName>CERT</ServerName><ServerId>01</ServerId><SchemaRelease>2005/06</SchemaRelease><HydraCoreRelease>4.18.2.20180513#FO#0</HydraCoreRelease><HydraEnumerationsRelease>1#cd09f262d3b7#000</HydraEnumerationsRelease><MerlinRelease>0</MerlinRelease></AuditData><Purchase purchaseToken="O0863522946" timeToExpiration="1798547"><Reference><FileNumber>1058037</FileNumber><IncomingOffice code="318"></IncomingOffice></Reference><Status>CANCELLED</Status><Agency><Code>262901</Code><Branch>1</Branch></Agency><Language>ENG</Language><CreationDate date="20180529"/><CreationUser>GOLDENEDGEUS262901</CreationUser><Holder type="AD"><Age>0</Age><Name>VEERA</Name><LastName>MANI</LastName></Holder><AgencyReference>WEB123MYNE</AgencyReference><ServiceList><Service xsi:type="ServiceTransfer" transferType="IN" SPUI="318#T#1"><Reference><FileNumber>1058037-T1</FileNumber><IncomingOffice code="318"></IncomingOffice></Reference><Status>CANCELLED</Status><ContractList><Contract><Name>TRBHKGMVEL 1718</Name><IncomingOffice code="318"></IncomingOffice><Sequence>11621</Sequence></Contract></ContractList><Supplier name="HOTELBEDS HONG KONG LIMITED" vatNumber="04057491"/><DateFrom date="20180928"/><Currency code="USD">US Dollar</Currency><TotalAmount>0.000</TotalAmount><SellingPrice mandatory="N">0.000</SellingPrice><AdditionalCostList><AdditionalCost type="AG_COMMISSION"><Price><Amount>0.000</Amount></Price></AdditionalCost><AdditionalCost type="COMMISSION_VAT"><Price><Amount>0.000</Amount></Price></AdditionalCost><AdditionalCost type="COMMISSION_PCT"><Price><Amount>10.000</Amount></Price></AdditionalCost></AdditionalCostList><ModificationPolicyList><ModificationPolicy>Cancellation</ModificationPolicy><ModificationPolicy>Confirmation</ModificationPolicy><ModificationPolicy>Modification</ModificationPolicy></ModificationPolicyList><TransferInfo xsi:type="ProductTransfer"><Code>318#T#1</Code><DescriptionList><Description type="GENERAL" languageCode="ENG">Private hire with driver</Description><Description type="PRODUCT" languageCode="ENG">Premium product type</Description><Description type="VEHICLE" languageCode="ENG">Minivan extra lugagge</Description></DescriptionList><ImageList><Image><Type>S</Type><Url>http://media.stage.activitiesbank.com/giata/transfers/TRD/small/prvt-prm-mvel.png</Url></Image><Image><Type>M</Type><Url>http://media.stage.activitiesbank.com/giata/transfers/TRD/medium/prvt-prm-mvel.png</Url></Image><Image><Type>L</Type><Url>http://media.stage.activitiesbank.com/giata/transfers/TRD/large/prvt-prm-mvel.png</Url></Image><Image><Type>XL</Type><Url>http://media.stage.activitiesbank.com/giata/transfers/TRD/extralarge/prvt-prm-mvel.png</Url></Image></ImageList><Type code="P"></Type><VehicleType code="F"></VehicleType><TransferSpecificContent id="1959"><GenericTransferGuidelinesList><TransferBulletPoint id="VOUC"><Description>VOUCHER </Description><DetailedDescription>Remember to bring this voucher and valid photo ID with you</DetailedDescription></TransferBulletPoint><TransferBulletPoint id="CBBS"><Description>CHILDBOOSTER / BABY SEAT</Description><DetailedDescription>Child car seats and boosters are not included unless specified in your booking and can carry an extra cost. Should you need to book them, please contact your point of sale prior to travelling.</DetailedDescription></TransferBulletPoint></GenericTransferGuidelinesList><SpecificTransferInfoList><TransferBulletPoint xsi:type="TransferBulletPointNumber" order="1"><Description>Maximum capacity per vehicle</Description><Value>6</Value><Metric>Suitcase/s</Metric></TransferBulletPoint><TransferBulletPoint order="2"><Description>Meet and Greet in English</Description></TransferBulletPoint></SpecificTransferInfoList><MaximumWaitingTimeSupplierDomestic time="60">minutes</MaximumWaitingTimeSupplierDomestic><MaximumWaitingTimeSupplierInternational time="90">minutes</MaximumWaitingTimeSupplierInternational></TransferSpecificContent></TransferInfo><Paxes><AdultCount>2</AdultCount><ChildCount>1</ChildCount></Paxes><PickupLocation xsi:type="ProductTransferTerminal"><Code>HKG</Code><Name>Hong Kong, Hong Kong Int. Airport</Name><TransferZone xsi:type="ProductZone"><Code>HKG</Code></TransferZone><Country code="HK"><Name>Hong Kong</Name></Country><TerminalType>A</TerminalType></PickupLocation><DestinationLocation xsi:type="ProductTransferHotel"><Code>69604</Code><Name>The Langham Hong Kong</Name><TransferZone xsi:type="ProductZone"><Code>KLN</Code></TransferZone></DestinationLocation><RetailPrice>0.000</RetailPrice><ProductSpecifications><MasterServiceType code="PRVT" name="Private"/><MasterProductType code="PRM" name="Premium"/><MasterVehicleType code="MVEL" name="Minivan extra luggage"/><TransferGeneralInfoList><TransferBulletPoint id="ER" order="1"><Description>Exclusive ride for you</Description></TransferBulletPoint><TransferBulletPoint id="DTDS" order="2"><Description>Door to door service</Description></TransferBulletPoint><TransferBulletPoint id="AV247" order="3"><Description>Available 24/7</Description></TransferBulletPoint><TransferBulletPoint id="M&amp;GS" order="4"><Description>Meet &amp; Greet service</Description></TransferBulletPoint><TransferBulletPoint id="BAHB" order="11"><Description>1 item of hand baggage allowed per person</Description></TransferBulletPoint></TransferGeneralInfoList></ProductSpecifications><TransferPickupTime date="20180928" time="1200"/><TransferPickupInformation><Description>Once you have collected your luggage, the TBR chauffeur will be waiting for you in the Arrivals Hall, near Exit B, by the corner of the foreign currency exchange kiosk holding a sign/iPad with your name on it. If you are unable to locate the driver/agent, please call TRB HONG KONG LIMITED on (852) 3952 8500. Languages spoken at the call centre: English, Chinese. Please do not leave the pick-up area without having contacted the agent/driver first.</Description></TransferPickupInformation><ArrivalTravelInfo><DepartInfo xsi:type="ProductTransferTerminal"><Code>XXX</Code></DepartInfo><ArrivalInfo xsi:type="ProductTransferTerminal"><Code>HKG</Code><Name>Hong Kong, Hong Kong Int. Airport</Name><DateTime date="20180928" time="1200"/><Country code="HK"><Name>Hong Kong</Name></Country><TerminalType>A</TerminalType></ArrivalInfo><TravelNumber>WWR</TravelNumber></ArrivalTravelInfo><DepartureTravelInfo></DepartureTravelInfo><ContactInfoList><ContactInfo><Type>Assistance origin</Type><TimeFrom>0000</TimeFrom><TimeTo>2359</TimeTo><OperationDays>Monday,Tuesday,Wednesday,Thursday,Friday,Saturday,Sunday</OperationDays><Language>ENG</Language><CountryCode>0</CountryCode><PhoneNumber>+19292070511</PhoneNumber></ContactInfo><ContactInfo><Type>Assistance destination</Type><TimeFrom>0000</TimeFrom><TimeTo>2359</TimeTo><OperationDays>Monday,Tuesday,Wednesday,Thursday,Friday,Saturday,Sunday</OperationDays><Language>ENG</Language><CountryCode>0</CountryCode><PhoneNumber>+862131071900</PhoneNumber></ContactInfo></ContactInfoList></Service><Service xsi:type="ServiceTransfer" transferType="OUT" SPUI="318#T#2"><Reference><FileNumber>1058037-T2</FileNumber><IncomingOffice code="318"></IncomingOffice></Reference><Status>CANCELLED</Status><ContractList><Contract><Name>TRBHKGMVEL 1718</Name><IncomingOffice code="318"></IncomingOffice><Sequence>11621</Sequence></Contract></ContractList><Supplier name="HOTELBEDS HONG KONG LIMITED" vatNumber="04057491"/><DateFrom date="20180930"/><Currency code="USD">US Dollar</Currency><TotalAmount>0.000</TotalAmount><SellingPrice mandatory="N">0.000</SellingPrice><AdditionalCostList><AdditionalCost type="AG_COMMISSION"><Price><Amount>0.000</Amount></Price></AdditionalCost><AdditionalCost type="COMMISSION_VAT"><Price><Amount>0.000</Amount></Price></AdditionalCost><AdditionalCost type="COMMISSION_PCT"><Price><Amount>10.000</Amount></Price></AdditionalCost></AdditionalCostList><ModificationPolicyList><ModificationPolicy>Cancellation</ModificationPolicy><ModificationPolicy>Confirmation</ModificationPolicy><ModificationPolicy>Modification</ModificationPolicy></ModificationPolicyList><TransferInfo xsi:type="ProductTransfer"><Code>318#T#2</Code><DescriptionList><Description type="GENERAL" languageCode="ENG">Private hire with driver</Description><Description type="PRODUCT" languageCode="ENG">Premium product type</Description><Description type="VEHICLE" languageCode="ENG">Minivan extra lugagge</Description></DescriptionList><ImageList><Image><Type>S</Type><Url>http://media.stage.activitiesbank.com/giata/transfers/TRD/small/prvt-prm-mvel.png</Url></Image><Image><Type>M</Type><Url>http://media.stage.activitiesbank.com/giata/transfers/TRD/medium/prvt-prm-mvel.png</Url></Image><Image><Type>L</Type><Url>http://media.stage.activitiesbank.com/giata/transfers/TRD/large/prvt-prm-mvel.png</Url></Image><Image><Type>XL</Type><Url>http://media.stage.activitiesbank.com/giata/transfers/TRD/extralarge/prvt-prm-mvel.png</Url></Image></ImageList><Type code="P"></Type><VehicleType code="F"></VehicleType><TransferSpecificContent id="1959"><GenericTransferGuidelinesList><TransferBulletPoint id="VOUC"><Description>VOUCHER </Description><DetailedDescription>Remember to bring this voucher and valid photo ID with you</DetailedDescription></TransferBulletPoint><TransferBulletPoint id="CBBS"><Description>CHILDBOOSTER / BABY SEAT</Description><DetailedDescription>Child car seats and boosters are not included unless specified in your booking and can carry an extra cost. Should you need to book them, please contact your point of sale prior to travelling.</DetailedDescription></TransferBulletPoint></GenericTransferGuidelinesList><SpecificTransferInfoList><TransferBulletPoint xsi:type="TransferBulletPointNumber" order="1"><Description>Maximum capacity per vehicle</Description><Value>6</Value><Metric>Suitcase/s</Metric></TransferBulletPoint><TransferBulletPoint order="2"><Description>Meet and Greet in English</Description></TransferBulletPoint></SpecificTransferInfoList><MaximumWaitingTime time="30">minutes</MaximumWaitingTime><MaximumWaitingTimeSupplierDomestic time="15">minutes</MaximumWaitingTimeSupplierDomestic></TransferSpecificContent></TransferInfo><Paxes><AdultCount>2</AdultCount><ChildCount>1</ChildCount></Paxes><PickupLocation xsi:type="ProductTransferHotel"><Code>69604</Code><Name>The Langham Hong Kong</Name><TransferZone xsi:type="ProductZone"><Code>KLN</Code></TransferZone></PickupLocation><DestinationLocation xsi:type="ProductTransferTerminal"><Code>HKG</Code><Name>Hong Kong, Hong Kong Int. Airport</Name><TransferZone xsi:type="ProductZone"><Code>HKG</Code></TransferZone><Country code="HK"><Name>Hong Kong</Name></Country><TerminalType>A</TerminalType></DestinationLocation><RetailPrice>0.000</RetailPrice><ProductSpecifications><MasterServiceType code="PRVT" name="Private"/><MasterProductType code="PRM" name="Premium"/><MasterVehicleType code="MVEL" name="Minivan extra luggage"/><TransferGeneralInfoList><TransferBulletPoint id="ER" order="1"><Description>Exclusive ride for you</Description></TransferBulletPoint><TransferBulletPoint id="DTDS" order="2"><Description>Door to door service</Description></TransferBulletPoint><TransferBulletPoint id="AV247" order="3"><Description>Available 24/7</Description></TransferBulletPoint><TransferBulletPoint id="M&amp;GS" order="4"><Description>Meet &amp; Greet service</Description></TransferBulletPoint><TransferBulletPoint id="BAHB" order="11"><Description>1 item of hand baggage allowed per person</Description></TransferBulletPoint></TransferGeneralInfoList></ProductSpecifications><TransferPickupTime date="20180930" time="0830"/><TransferPickupInformation><Description>You will be picked up at the hotel main lobby. If you are unable to locate the driver/agent, please call TRB HONG KONG LIMITED on (852) 3952 8500. Languages spoken at the call centre: English, Chinese. Please do not leave the pick-up area without having contacted the agent/driver first.</Description></TransferPickupInformation><ArrivalTravelInfo></ArrivalTravelInfo><DepartureTravelInfo><DepartInfo xsi:type="ProductTransferTerminal"><Code>HKG</Code><Name>Hong Kong, Hong Kong Int. Airport</Name><DateTime date="20180930" time="1200"/><Country code="HK"><Name>Hong Kong</Name></Country><TerminalType>A</TerminalType></DepartInfo><ArrivalInfo xsi:type="ProductTransferTerminal"><Code>XXX</Code></ArrivalInfo><TravelNumber>SQDF</TravelNumber></DepartureTravelInfo><TransferWebInformation>http://www.checkpickup.com/</TransferWebInformation><TimeBeforeConsultingWeb>36</TimeBeforeConsultingWeb><ContactInfoList><ContactInfo><Type>Assistance origin</Type><TimeFrom>0000</TimeFrom><TimeTo>2359</TimeTo><OperationDays>Monday,Tuesday,Wednesday,Thursday,Friday,Saturday,Sunday</OperationDays><Language>ENG</Language><CountryCode>0</CountryCode><PhoneNumber>+19292070511</PhoneNumber></ContactInfo><ContactInfo><Type>Assistance destination</Type><TimeFrom>0000</TimeFrom><TimeTo>2359</TimeTo><OperationDays>Monday,Tuesday,Wednesday,Thursday,Friday,Saturday,Sunday</OperationDays><Language>ENG</Language><CountryCode>0</CountryCode><PhoneNumber>+862131071900</PhoneNumber></ContactInfo></ContactInfoList></Service></ServiceList><Currency code="USD"></Currency><PaymentData><PaymentType code="C"></PaymentType><InvoiceCompany><Code>USB</Code><Name>BEDSONLINE USA</Name><RegistrationNumber>592952685</RegistrationNumber></InvoiceCompany><Description>Name HOTELBEDS USA INC, Bank: CITIBANK, NEW YORK(111 Wall Street, New York, NY 10043) Account:30826743 Account Routing /ABA/IBAN/: ABA 021000089,  SWIFT:CITIUS33,  7 days prior to clients arrival (except group bookings with fixed days in advance at the time of the confirmation) . Please indicate our reference number when making payment. Thank you for your cooperation.</Description></PaymentData><TotalPrice>0.000</TotalPrice><PendingAmount>0.000</PendingAmount></Purchase><Currency code="USD"></Currency><Amount>0.000</Amount></PurchaseCancelRS>
