<?xml version="1.0" encoding="UTF-8"?>
                <PurchaseCancelRQ xmlns="http://www.hotelbeds.com/schemas/2005/06/messages" xmlns:xsi="http://www.w3.org/2001/XMLSchema-instance ../xsd/PurchaseCancelRQ.xsd" version="2013/12" type="C">
                    <Language>ENG</Language>
                    <Credentials>
                       <User>GOLDENEDGEUS262901</User>
                        <Password>GOLDENEDGEUS262901</Password>
                        <Platform>55</Platform>
                    </Credentials>
                    <PurchaseReference>
                        <FileNumber>1058037</FileNumber>
                        <IncomingOffice code="318"/>
                    </PurchaseReference>
                </PurchaseCancelRQ>