<?xml version="1.0" encoding="utf-8"?>
<s:Envelope xmlns:s="http://schemas.xmlsoap.org/soap/envelope/">
  <s:Header>
    <Action xmlns="http://schemas.microsoft.com/ws/2005/05/addressing/none" s:mustUnderstand="1">http://localhost:8080/kestrel/AirService</Action>
  </s:Header>
  <s:Body xmlns:xsi="http://www.w3.org/2001/XMLSchema-instance" xmlns:xsd="http://www.w3.org/2001/XMLSchema">
    <AirPriceReq xmlns="http://www.travelport.com/schema/air_v41_0" xmlns:common_v41_0="http://www.travelport.com/schema/common_v41_0" TargetBranch="P7003720" CheckOBFees="true" AuthorizedBy="user">
      <BillingPointOfSaleInfo xmlns="http://www.travelport.com/schema/common_v41_0" OriginApplication="UAPI"/>
      <AirItinerary>
        <AirSegment ArrivalTime="2017-09-28T20:00:00.000+01:00" Carrier="LS" ClassOfService="Y" DepartureTime="2017-09-28T19:45:00.000+02:00" Destination="LBA" FlightNumber="206" FlightTime="75" Group="0" HostTokenRef="D14ve24R2BKAofl7DAAAAA==" Key="D14ve24R2BKANfl7DAAAAA==" Origin="AMS" ProviderCode="ACH" Status="KK" SupplierCode="LS"/>
        <AirSegment ArrivalTime="2017-10-04T19:15:00.000+02:00" Carrier="LS" ClassOfService="Y" DepartureTime="2017-10-04T17:00:00.000+01:00" Destination="AMS" FlightNumber="205" FlightTime="75" Group="1" HostTokenRef="D14ve24R2BKApfl7DAAAAA==" Key="D14ve24R2BKAPfl7DAAAAA==" Origin="LBA" ProviderCode="ACH" Status="KK" SupplierCode="LS"/>
        <common_v41_0:HostToken xmlns="http://www.travelport.com/schema/common_v41_0" Key="D14ve24R2BKAofl7DAAAAA==">H4sIAAAAAAAAAFvzloG1hIHVyzXEJxgADPRaowwAAAA={IS@@@}H4sIAAAAAAAAAFvzloG1hIHZNTQIAOn9UX8KAAAA{CC@@@ET}ACHSDv01LPD1:ec1c49b6-ee43-4f83-a0bf-0ac32ae9c4d1</common_v41_0:HostToken>
        <common_v41_0:HostToken xmlns="http://www.travelport.com/schema/common_v41_0" Key="D14ve24R2BKApfl7DAAAAA==">H4sIAAAAAAAAAFvzloG1hIHVyzXEJxgADPRaowwAAAA={IS@@@}H4sIAAAAAAAAAFvzloG1hIHZNTQIAOn9UX8KAAAA{CC@@@ET}ACHSDv01LPD1:de971247-e682-4f76-b073-dc1a70cc0632</common_v41_0:HostToken>
      </AirItinerary>
      <SearchPassenger xmlns="http://www.travelport.com/schema/common_v41_0" Key="0" Code="ADT"/>
      <SearchPassenger xmlns="http://www.travelport.com/schema/common_v41_0" Key="1" Code="ADT"/>
      <SearchPassenger xmlns="http://www.travelport.com/schema/common_v41_0" Key="2" Code="CHD" Age="10"/>
      <SearchPassenger xmlns="http://www.travelport.com/schema/common_v41_0" Key="3" Code="INF" Age="1"/>
      <AirPricingCommand/>
      <AirPricingCommand CabinClass="Economy">
        <AirSegmentPricingModifiers AirSegmentRef="D14ve24R2BKANfl7DAAAAA==" FareBasisCode="Y"/>
        <AirSegmentPricingModifiers AirSegmentRef="D14ve24R2BKAPfl7DAAAAA==" FareBasisCode="Y"/>
      </AirPricingCommand>
      <FormOfPayment xmlns="http://www.travelport.com/schema/common_v41_0" Type="Credit">
        <CreditCard CVV="737" ExpDate="2018-08" Name="Veera K" Number="4111111111111111" Type="VI">
          <BillingAddress>
            <AddressName>Smiths</AddressName>
            <Street>14 Aurora Street</Street>
            <City>Sydney</City>
            <State>NSW</State>
            <PostalCode>2000</PostalCode>
            <Country>AU</Country>
          </BillingAddress>
        </CreditCard>
      </FormOfPayment>
    </AirPriceReq>
  </s:Body>
</s:Envelope>
