<?xml version="1.0"?>
<SOAP:Envelope xmlns:SOAP="http://schemas.xmlsoap.org/soap/envelope/">
  <SOAP:Body>
    <air:LowFareSearchAsynchRsp xmlns:air="http://www.travelport.com/schema/air_v41_0" xmlns:common_v41_0="http://www.travelport.com/schema/common_v41_0" TransactionId="B804D30C0A0764782B47537E1CCF29E6" ResponseTime="3433" DistanceUnits="MI" SearchId="B804D30C0A0764782B47537E1CCF29E6_RAMSLBA28Sep17LBAAMS04Oct17tftnull300-1-1MIACHnullfADT40ADT40CNN10INF1EURnullnullnullnullnullnullnullnullff282272">
      <common_v41_0:ResponseMessage Code="14013" Type="Warning" ProviderCode="ACH">NNSFR Flights may not be available for Outbound or Inbound journey-No Matches found for requested departure time range</common_v41_0:ResponseMessage>
      <air:FlightDetailsList>
        <air:FlightDetails Key="D14ve24R2BKAOfl7DAAAAA==" Origin="AMS" Destination="LBA" DepartureTime="2017-09-28T19:45:00.000+02:00" ArrivalTime="2017-09-28T20:00:00.000+01:00" FlightTime="75"/>
        <air:FlightDetails Key="D14ve24R2BKAQfl7DAAAAA==" Origin="LBA" Destination="AMS" DepartureTime="2017-10-04T17:00:00.000+01:00" ArrivalTime="2017-10-04T19:15:00.000+02:00" FlightTime="75"/>
      </air:FlightDetailsList>
      <air:AirSegmentList>
        <air:AirSegment Key="D14ve24R2BKANfl7DAAAAA==" Group="0" Carrier="LS" FlightNumber="206" Origin="AMS" Destination="LBA" DepartureTime="2017-09-28T19:45:00.000+02:00" ArrivalTime="2017-09-28T20:00:00.000+01:00" FlightTime="75" Status="KK" SupplierCode="LS" ChangeOfPlane="false" OptionalServicesIndicator="false" APISRequirementsRef="D14ve24R2BKAqfl7DAAAAA==">
          <air:CodeshareInfo OperatingCarrier="LS" OperatingFlightNumber="206"/>
          <air:AirAvailInfo ProviderCode="ACH"/>
          <air:FlightDetailsRef Key="D14ve24R2BKAOfl7DAAAAA=="/>
        </air:AirSegment>
        <air:AirSegment Key="D14ve24R2BKAPfl7DAAAAA==" Group="1" Carrier="LS" FlightNumber="205" Origin="LBA" Destination="AMS" DepartureTime="2017-10-04T17:00:00.000+01:00" ArrivalTime="2017-10-04T19:15:00.000+02:00" FlightTime="75" Status="KK" SupplierCode="LS" ChangeOfPlane="false" OptionalServicesIndicator="false" APISRequirementsRef="D14ve24R2BKAqfl7DAAAAA==">
          <air:CodeshareInfo OperatingCarrier="LS" OperatingFlightNumber="205"/>
          <air:AirAvailInfo ProviderCode="ACH"/>
          <air:FlightDetailsRef Key="D14ve24R2BKAQfl7DAAAAA=="/>
        </air:AirSegment>
      </air:AirSegmentList>
      <air:FareInfoList>
        <air:FareInfo Key="D14ve24R2BKAWfl7DAAAAA==" FareBasis="Y" PassengerTypeCode="ADT" Origin="AMS" Destination="LBA" EffectiveDate="2017-08-06T16:48:33.000+02:00" Amount="EUR2.00" PromotionalFare="false" FareFamily="Economy" SupplierCode="LS">
          <air:FareRuleKey FareInfoRef="D14ve24R2BKAWfl7DAAAAA==" ProviderCode="ACH">uuid-67991eab-2bc5-47f0-b470-4453b5cfc483</air:FareRuleKey>
        </air:FareInfo>
        <air:FareInfo Key="D14ve24R2BKAdfl7DAAAAA==" FareBasis="Y" PassengerTypeCode="CHD" Origin="AMS" Destination="LBA" EffectiveDate="2017-08-06T16:48:33.000+02:00" Amount="EUR2.00" PromotionalFare="false" FareFamily="Economy" SupplierCode="LS">
          <air:FareRuleKey FareInfoRef="D14ve24R2BKAdfl7DAAAAA==" ProviderCode="ACH">uuid-116c3db5-9bed-4302-bdc4-f700b9797854</air:FareRuleKey>
        </air:FareInfo>
        <air:FareInfo Key="D14ve24R2BKAifl7DAAAAA==" FareBasis="Y" PassengerTypeCode="INF" Origin="AMS" Destination="LBA" EffectiveDate="2017-08-06T16:48:33.000+02:00" Amount="EUR29.00" PromotionalFare="false" FareFamily="Economy" SupplierCode="LS">
          <air:FareRuleKey FareInfoRef="D14ve24R2BKAifl7DAAAAA==" ProviderCode="ACH">uuid-75701982-9563-4b0a-b98c-ce10b5fe5501</air:FareRuleKey>
        </air:FareInfo>
        <air:FareInfo Key="D14ve24R2BKAXfl7DAAAAA==" FareBasis="Y" PassengerTypeCode="ADT" Origin="LBA" Destination="AMS" EffectiveDate="2017-08-06T16:48:33.000+02:00" Amount="EUR2.00" PromotionalFare="false" FareFamily="Economy" SupplierCode="LS">
          <air:FareRuleKey FareInfoRef="D14ve24R2BKAXfl7DAAAAA==" ProviderCode="ACH">uuid-fc627919-cc62-400a-a12d-fe66d82c7cc7</air:FareRuleKey>
        </air:FareInfo>
        <air:FareInfo Key="D14ve24R2BKAefl7DAAAAA==" FareBasis="Y" PassengerTypeCode="CHD" Origin="LBA" Destination="AMS" EffectiveDate="2017-08-06T16:48:33.000+02:00" Amount="EUR2.00" PromotionalFare="false" FareFamily="Economy" SupplierCode="LS">
          <air:FareRuleKey FareInfoRef="D14ve24R2BKAefl7DAAAAA==" ProviderCode="ACH">uuid-63cd531b-b124-4f28-86a9-126535e4636b</air:FareRuleKey>
        </air:FareInfo>
        <air:FareInfo Key="D14ve24R2BKAjfl7DAAAAA==" FareBasis="Y" PassengerTypeCode="INF" Origin="LBA" Destination="AMS" EffectiveDate="2017-08-06T16:48:33.000+02:00" Amount="EUR29.00" PromotionalFare="false" FareFamily="Economy" SupplierCode="LS">
          <air:FareRuleKey FareInfoRef="D14ve24R2BKAjfl7DAAAAA==" ProviderCode="ACH">uuid-e23739de-1be2-48f1-a050-78b7d05d83a7</air:FareRuleKey>
        </air:FareInfo>
      </air:FareInfoList>
      <air:HostTokenList>
        <common_v41_0:HostToken Key="D14ve24R2BKAofl7DAAAAA==">H4sIAAAAAAAAAFvzloG1hIHVyzXEJxgADPRaowwAAAA={IS@@@}H4sIAAAAAAAAAFvzloG1hIHZNTQIAOn9UX8KAAAA{CC@@@ET}ACHSDv01LPD1:ec1c49b6-ee43-4f83-a0bf-0ac32ae9c4d1</common_v41_0:HostToken>
        <common_v41_0:HostToken Key="D14ve24R2BKApfl7DAAAAA==">H4sIAAAAAAAAAFvzloG1hIHVyzXEJxgADPRaowwAAAA={IS@@@}H4sIAAAAAAAAAFvzloG1hIHZNTQIAOn9UX8KAAAA{CC@@@ET}ACHSDv01LPD1:de971247-e682-4f76-b073-dc1a70cc0632</common_v41_0:HostToken>
      </air:HostTokenList>
      <air:APISRequirementsList>
        <air:APISRequirements Key="D14ve24R2BKAqfl7DAAAAA==" Level="Supported">
          <air:Document Sequence="1" Type="Passport" Level="Supported"/>
          <air:Document Sequence="2" Type="MilitaryIdentification" Level="Supported"/>
          <air:Document Sequence="3" Type="Other" Level="Supported"/>
          <air:Document Sequence="4" Type="Other" Level="Supported"/>
        </air:APISRequirements>
      </air:APISRequirementsList>
      <air:AirPricingSolution Key="D14ve24R2BKAMfl7DAAAAA==" CompleteItinerary="true" TotalPrice="EUR373.04" BasePrice="EUR70.00" ApproximateTotalPrice="EUR373.04" ApproximateBasePrice="EUR70.00" Taxes="EUR303.04">
        <air:Journey TravelTime="P0DT1H15M0S">
          <air:AirSegmentRef Key="D14ve24R2BKANfl7DAAAAA=="/>
        </air:Journey>
        <air:Journey TravelTime="P0DT1H15M0S">
          <air:AirSegmentRef Key="D14ve24R2BKAPfl7DAAAAA=="/>
        </air:Journey>
        <air:LegRef Key="D14ve24R2BKARfl7DAAAAA=="/>
        <air:LegRef Key="D14ve24R2BKASfl7DAAAAA=="/>
        <air:AirPricingInfo Key="D14ve24R2BKATfl7DAAAAA==" TotalPrice="EUR110.68" BasePrice="EUR4.00" ApproximateTotalPrice="EUR110.68" ApproximateBasePrice="EUR4.00" Taxes="EUR106.68" PricingMethod="Auto" ProviderCode="ACH">
          <air:FareInfoRef Key="D14ve24R2BKAWfl7DAAAAA=="/>
          <air:FareInfoRef Key="D14ve24R2BKAXfl7DAAAAA=="/>
          <air:BookingInfo BookingCode="Y" CabinClass="Economy" FareInfoRef="D14ve24R2BKAWfl7DAAAAA==" SegmentRef="D14ve24R2BKANfl7DAAAAA==" HostTokenRef="D14ve24R2BKAofl7DAAAAA=="/>
          <air:BookingInfo BookingCode="Y" CabinClass="Economy" FareInfoRef="D14ve24R2BKAXfl7DAAAAA==" SegmentRef="D14ve24R2BKAPfl7DAAAAA==" HostTokenRef="D14ve24R2BKApfl7DAAAAA=="/>
          <air:TaxInfo Category="NL" Amount="EUR53.97" SupplierCode="LS"/>
          <air:TaxInfo Category="GB" Amount="EUR52.71" SupplierCode="LS"/>
          <air:PassengerType Code="ADT" Age="40"/>
          <air:PassengerType Code="ADT" Age="40"/>
        </air:AirPricingInfo>
        <air:AirPricingInfo Key="D14ve24R2BKAafl7DAAAAA==" TotalPrice="EUR93.68" BasePrice="EUR4.00" ApproximateTotalPrice="EUR93.68" ApproximateBasePrice="EUR4.00" Taxes="EUR89.68" PricingMethod="Auto" ProviderCode="ACH">
          <air:FareInfoRef Key="D14ve24R2BKAdfl7DAAAAA=="/>
          <air:FareInfoRef Key="D14ve24R2BKAefl7DAAAAA=="/>
          <air:BookingInfo BookingCode="Y" CabinClass="Economy" FareInfoRef="D14ve24R2BKAdfl7DAAAAA==" SegmentRef="D14ve24R2BKANfl7DAAAAA==" HostTokenRef="D14ve24R2BKAofl7DAAAAA=="/>
          <air:BookingInfo BookingCode="Y" CabinClass="Economy" FareInfoRef="D14ve24R2BKAefl7DAAAAA==" SegmentRef="D14ve24R2BKAPfl7DAAAAA==" HostTokenRef="D14ve24R2BKApfl7DAAAAA=="/>
          <air:TaxInfo Category="NL" Amount="EUR53.97" SupplierCode="LS"/>
          <air:TaxInfo Category="GB" Amount="EUR35.71" SupplierCode="LS"/>
          <air:PassengerType Code="CHD" Age="10"/>
        </air:AirPricingInfo>
        <air:AirPricingInfo Key="D14ve24R2BKAhfl7DAAAAA==" TotalPrice="EUR58.00" BasePrice="EUR58.00" ApproximateTotalPrice="EUR58.00" ApproximateBasePrice="EUR58.00" PricingMethod="Auto" ProviderCode="ACH">
          <air:FareInfoRef Key="D14ve24R2BKAifl7DAAAAA=="/>
          <air:FareInfoRef Key="D14ve24R2BKAjfl7DAAAAA=="/>
          <air:BookingInfo BookingCode="Y" CabinClass="Economy" FareInfoRef="D14ve24R2BKAifl7DAAAAA==" SegmentRef="D14ve24R2BKANfl7DAAAAA==" HostTokenRef="D14ve24R2BKAofl7DAAAAA=="/>
          <air:BookingInfo BookingCode="Y" CabinClass="Economy" FareInfoRef="D14ve24R2BKAjfl7DAAAAA==" SegmentRef="D14ve24R2BKAPfl7DAAAAA==" HostTokenRef="D14ve24R2BKApfl7DAAAAA=="/>
          <air:PassengerType Code="INF" Age="1"/>
        </air:AirPricingInfo>
        <air:TaxInfo Category="NL" Amount="EUR161.91" Key="D14ve24R2BKAmfl7DAAAAA==" SupplierCode="LS"/>
        <air:TaxInfo Category="GB" Amount="EUR141.13" Key="D14ve24R2BKAnfl7DAAAAA==" SupplierCode="LS"/>
      </air:AirPricingSolution>
      <air:AsyncProviderSpecificResponse ProviderCode="ACH" MoreResults="false"/>
    </air:LowFareSearchAsynchRsp>
  </SOAP:Body>
</SOAP:Envelope>
