<?xml version="1.0" encoding="utf-8"?>
<s:Envelope xmlns:s="http://schemas.xmlsoap.org/soap/envelope/">
  <s:Header>
    <Action xmlns="http://schemas.microsoft.com/ws/2005/05/addressing/none" s:mustUnderstand="1">http://localhost:8080/kestrel/AirService</Action>
  </s:Header>
  <s:Body xmlns:xsi="http://www.w3.org/2001/XMLSchema-instance" xmlns:xsd="http://www.w3.org/2001/XMLSchema">
    <AirPriceReq xmlns="http://www.travelport.com/schema/air_v41_0" xmlns:common_v41_0="http://www.travelport.com/schema/common_v41_0" TargetBranch="P7003720" CheckOBFees="true" AuthorizedBy="user">
      <BillingPointOfSaleInfo xmlns="http://www.travelport.com/schema/common_v41_0" OriginApplication="UAPI"/>
      <AirItinerary>
        <AirSegment ArrivalTime="2017-10-31T20:00:00.000+01:00" Carrier="U2" ClassOfService="Y" DepartureTime="2017-10-31T17:10:00.000+00:00" Destination="CPH" FlightNumber="8267" FlightTime="110" Group="0" HostTokenRef="giOpe27Q2BKAETOKEAAAAA==" Key="giOpe27Q2BKAGSOKEAAAAA==" Origin="LGW" ProviderCode="ACH" Status="KK" SupplierCode="U2"/>
        <AirSegment ArrivalTime="2017-11-15T11:25:00.000+00:00" Carrier="U2" ClassOfService="Y" DepartureTime="2017-11-15T10:20:00.000+01:00" Destination="LGW" FlightNumber="8262" FlightTime="125" Group="1" HostTokenRef="giOpe27Q2BKAGTOKEAAAAA==" Key="giOpe27Q2BKAISOKEAAAAA==" Origin="CPH" ProviderCode="ACH" Status="KK" SupplierCode="U2"/>
        <common_v41_0:HostToken xmlns="http://www.travelport.com/schema/common_v41_0" Key="giOpe27Q2BKAETOKEAAAAA==">H4sIAAAAAAAAAFvzloG1hIHVNSg41AgAqOI+SAwAAAA={IS@@@}H4sIAAAAAAAAAFvzloG1hIHZ3SkAAD3MWJcKAAAA{CC@@@ET}ACHSDv01LPD1:f422634a-2978-4452-accd-1c9e2e7a7c9f</common_v41_0:HostToken>
        <common_v41_0:HostToken xmlns="http://www.travelport.com/schema/common_v41_0" Key="giOpe27Q2BKAGTOKEAAAAA==">H4sIAAAAAAAAAFvzloG1hIHVNSg41AgAqOI+SAwAAAA={IS@@@}H4sIAAAAAAAAAFvzloG1hIHZ3SkAAD3MWJcKAAAA{CC@@@ET}ACHSDv01LPD1:ecd55071-b734-45f4-941d-c94a5f292f41</common_v41_0:HostToken>
      </AirItinerary>
      <SearchPassenger xmlns="http://www.travelport.com/schema/common_v41_0" Key="0" Code="ADT"/>
      <SearchPassenger xmlns="http://www.travelport.com/schema/common_v41_0" Key="1" Code="ADT"/>
      <SearchPassenger xmlns="http://www.travelport.com/schema/common_v41_0" Key="2" Code="CHD" Age="10"/>
      <SearchPassenger xmlns="http://www.travelport.com/schema/common_v41_0" Key="3" Code="INF" Age="1"/>
      <AirPricingCommand/>
      <AirPricingCommand CabinClass="Economy">
        <AirSegmentPricingModifiers AirSegmentRef="giOpe27Q2BKAGSOKEAAAAA==" FareBasisCode="Y"/>
        <AirSegmentPricingModifiers AirSegmentRef="giOpe27Q2BKAISOKEAAAAA==" FareBasisCode="Y"/>
      </AirPricingCommand>
      <FormOfPayment xmlns="http://www.travelport.com/schema/common_v41_0" Type="Credit">
        <CreditCard CVV="737" ExpDate="2018-08" Name="Veera K" Number="4111111111111111" Type="VI">
          <BillingAddress>
            <AddressName>Smiths</AddressName>
            <Street>14 Aurora Street</Street>
            <City>Sydney</City>
            <State>NSW</State>
            <PostalCode>2000</PostalCode>
            <Country>AU</Country>
          </BillingAddress>
        </CreditCard>
      </FormOfPayment>
    </AirPriceReq>
  </s:Body>
</s:Envelope>
