<?xml version="1.0"?>
<SOAP:Envelope xmlns:SOAP="http://schemas.xmlsoap.org/soap/envelope/">
  <SOAP:Body>
    <air:LowFareSearchAsynchRsp xmlns:air="http://www.travelport.com/schema/air_v41_0" xmlns:common_v41_0="http://www.travelport.com/schema/common_v41_0" TransactionId="B7E8B4C70A07643BFFF2A6FAA7FB94A9" ResponseTime="1809" DistanceUnits="MI" SearchId="B7E8B4C70A07643BFFF2A6FAA7FB94A9_RLGWCPH31Oct17CPHLGW15Nov17tftnull300-1-1MIACHnullfADT40ADT40CNN10INF1EURnullnullnullnullnullnullnullnullff282272">
      <common_v41_0:ResponseMessage Code="15100" Type="Warning" ProviderCode="ACH">Passenger type level fees are informational only, and may not match with those returned at the itinerary level.</common_v41_0:ResponseMessage>
      <air:FlightDetailsList>
        <air:FlightDetails Key="giOpe27Q2BKAHSOKEAAAAA==" Origin="LGW" Destination="CPH" DepartureTime="2017-10-31T17:10:00.000+00:00" ArrivalTime="2017-10-31T20:00:00.000+01:00" FlightTime="110" OriginTerminal="North Terminal"/>
        <air:FlightDetails Key="giOpe27Q2BKAJSOKEAAAAA==" Origin="CPH" Destination="LGW" DepartureTime="2017-11-15T10:20:00.000+01:00" ArrivalTime="2017-11-15T11:25:00.000+00:00" FlightTime="125" DestinationTerminal="North Terminal"/>
      </air:FlightDetailsList>
      <air:AirSegmentList>
        <air:AirSegment Key="giOpe27Q2BKAGSOKEAAAAA==" Group="0" Carrier="U2" FlightNumber="8267" Origin="LGW" Destination="CPH" DepartureTime="2017-10-31T17:10:00.000+00:00" ArrivalTime="2017-10-31T20:00:00.000+01:00" FlightTime="110" ETicketability="Yes" Status="KK" SupplierCode="U2" ChangeOfPlane="false" OptionalServicesIndicator="false" APISRequirementsRef="giOpe27Q2BKAHTOKEAAAAA==">
          <air:CodeshareInfo OperatingCarrier="U2" OperatingFlightNumber="8267">Easyjet</air:CodeshareInfo>
          <air:AirAvailInfo ProviderCode="ACH"/>
          <air:FlightDetailsRef Key="giOpe27Q2BKAHSOKEAAAAA=="/>
        </air:AirSegment>
        <air:AirSegment Key="giOpe27Q2BKAISOKEAAAAA==" Group="1" Carrier="U2" FlightNumber="8262" Origin="CPH" Destination="LGW" DepartureTime="2017-11-15T10:20:00.000+01:00" ArrivalTime="2017-11-15T11:25:00.000+00:00" FlightTime="125" ETicketability="Yes" Status="KK" SupplierCode="U2" ChangeOfPlane="false" OptionalServicesIndicator="false" APISRequirementsRef="giOpe27Q2BKAHTOKEAAAAA==">
          <air:CodeshareInfo OperatingCarrier="U2" OperatingFlightNumber="8262">Easyjet</air:CodeshareInfo>
          <air:AirAvailInfo ProviderCode="ACH"/>
          <air:FlightDetailsRef Key="giOpe27Q2BKAJSOKEAAAAA=="/>
        </air:AirSegment>
      </air:AirSegmentList>
      <air:FareInfoList>
        <air:FareInfo Key="giOpe27Q2BKAPSOKEAAAAA==" FareBasis="Y" PassengerTypeCode="ADT" Origin="LGW" Destination="CPH" EffectiveDate="2017-08-06T16:17:48.000+02:00" Amount="GBP45.99" PromotionalFare="false" FareFamily="STANDARD FARE" SupplierCode="U2">
          <air:FareRuleKey FareInfoRef="giOpe27Q2BKAPSOKEAAAAA==" ProviderCode="ACH">uuid-811c289e-00c3-4a30-a13a-f5b1b45b4c46</air:FareRuleKey>
          <air:Brand Key="giOpe27Q2BKAITOKEAAAAA==" BrandID="26971" UpSellBrandID="26972">
            <air:UpsellBrand FareBasis="B" FareInfoRef="giOpe27Q2BKArSOKEAAAAA=="/>
          </air:Brand>
        </air:FareInfo>
        <air:FareInfo Key="giOpe27Q2BKAYSOKEAAAAA==" FareBasis="Y" PassengerTypeCode="CHD" Origin="LGW" Destination="CPH" EffectiveDate="2017-08-06T16:17:48.000+02:00" Amount="GBP45.99" PromotionalFare="false" FareFamily="STANDARD FARE" SupplierCode="U2">
          <air:FareRuleKey FareInfoRef="giOpe27Q2BKAYSOKEAAAAA==" ProviderCode="ACH">uuid-3755e2df-398d-4297-886d-f3c34dbb121b</air:FareRuleKey>
          <air:Brand Key="giOpe27Q2BKAJTOKEAAAAA==" BrandID="26971" UpSellBrandID="26972">
            <air:UpsellBrand FareBasis="B" FareInfoRef="giOpe27Q2BKA0SOKEAAAAA=="/>
          </air:Brand>
        </air:FareInfo>
        <air:FareInfo Key="giOpe27Q2BKAfSOKEAAAAA==" FareBasis="Y" PassengerTypeCode="INF" Origin="LGW" Destination="CPH" EffectiveDate="2017-08-06T16:17:48.000+02:00" Amount="GBP0.00" PromotionalFare="false" FareFamily="STANDARD FARE" SupplierCode="U2">
          <air:FareRuleKey FareInfoRef="giOpe27Q2BKAfSOKEAAAAA==" ProviderCode="ACH">uuid-c0cc5c38-b69e-4a32-906d-4a64983b1a30</air:FareRuleKey>
          <air:Brand Key="giOpe27Q2BKAKTOKEAAAAA==" BrandID="26971" UpSellBrandID="26972">
            <air:UpsellBrand FareBasis="B" FareInfoRef="giOpe27Q2BKA7SOKEAAAAA=="/>
          </air:Brand>
        </air:FareInfo>
        <air:FareInfo Key="giOpe27Q2BKAQSOKEAAAAA==" FareBasis="Y" PassengerTypeCode="ADT" Origin="CPH" Destination="LGW" EffectiveDate="2017-08-06T16:17:48.000+02:00" Amount="GBP34.99" PromotionalFare="false" FareFamily="STANDARD FARE" SupplierCode="U2">
          <air:FareRuleKey FareInfoRef="giOpe27Q2BKAQSOKEAAAAA==" ProviderCode="ACH">uuid-d94655cc-5c74-44db-b91d-783f98b7d685</air:FareRuleKey>
          <air:Brand Key="giOpe27Q2BKALTOKEAAAAA==" BrandID="26971" UpSellBrandID="26972">
            <air:UpsellBrand FareBasis="B" FareInfoRef="giOpe27Q2BKAsSOKEAAAAA=="/>
          </air:Brand>
        </air:FareInfo>
        <air:FareInfo Key="giOpe27Q2BKAZSOKEAAAAA==" FareBasis="Y" PassengerTypeCode="CHD" Origin="CPH" Destination="LGW" EffectiveDate="2017-08-06T16:17:48.000+02:00" Amount="GBP34.99" PromotionalFare="false" FareFamily="STANDARD FARE" SupplierCode="U2">
          <air:FareRuleKey FareInfoRef="giOpe27Q2BKAZSOKEAAAAA==" ProviderCode="ACH">uuid-cd9e580c-91c7-417b-80fe-06f07cd2527c</air:FareRuleKey>
          <air:Brand Key="giOpe27Q2BKAMTOKEAAAAA==" BrandID="26971" UpSellBrandID="26972">
            <air:UpsellBrand FareBasis="B" FareInfoRef="giOpe27Q2BKA1SOKEAAAAA=="/>
          </air:Brand>
        </air:FareInfo>
        <air:FareInfo Key="giOpe27Q2BKAgSOKEAAAAA==" FareBasis="Y" PassengerTypeCode="INF" Origin="CPH" Destination="LGW" EffectiveDate="2017-08-06T16:17:48.000+02:00" Amount="GBP0.00" PromotionalFare="false" FareFamily="STANDARD FARE" SupplierCode="U2">
          <air:FareRuleKey FareInfoRef="giOpe27Q2BKAgSOKEAAAAA==" ProviderCode="ACH">uuid-30180d0f-1f59-4e33-bbd0-df6bdf5f20ec</air:FareRuleKey>
          <air:Brand Key="giOpe27Q2BKANTOKEAAAAA==" BrandID="26971" UpSellBrandID="26972">
            <air:UpsellBrand FareBasis="B" FareInfoRef="giOpe27Q2BKA8SOKEAAAAA=="/>
          </air:Brand>
        </air:FareInfo>
        <air:FareInfo Key="giOpe27Q2BKArSOKEAAAAA==" FareBasis="B" PassengerTypeCode="ADT" Origin="LGW" Destination="CPH" EffectiveDate="2017-08-06T16:17:48.000+02:00" Amount="GBP82.79" PromotionalFare="false" FareFamily="INCLUSIVE FARE" SupplierCode="U2">
          <air:FareRuleKey FareInfoRef="giOpe27Q2BKArSOKEAAAAA==" ProviderCode="ACH">uuid-60e719a2-4db5-4a1d-9a2f-203909f68a0c</air:FareRuleKey>
          <air:Brand Key="giOpe27Q2BKAOTOKEAAAAA==" BrandID="26972" UpSellBrandFound="false"/>
        </air:FareInfo>
        <air:FareInfo Key="giOpe27Q2BKA0SOKEAAAAA==" FareBasis="B" PassengerTypeCode="CHD" Origin="LGW" Destination="CPH" EffectiveDate="2017-08-06T16:17:48.000+02:00" Amount="GBP82.79" PromotionalFare="false" FareFamily="INCLUSIVE FARE" SupplierCode="U2">
          <air:FareRuleKey FareInfoRef="giOpe27Q2BKA0SOKEAAAAA==" ProviderCode="ACH">uuid-aec6c6ad-2f28-474b-bfa0-ae2bbe4787c1</air:FareRuleKey>
          <air:Brand Key="giOpe27Q2BKAPTOKEAAAAA==" BrandID="26972" UpSellBrandFound="false"/>
        </air:FareInfo>
        <air:FareInfo Key="giOpe27Q2BKA7SOKEAAAAA==" FareBasis="B" PassengerTypeCode="INF" Origin="LGW" Destination="CPH" EffectiveDate="2017-08-06T16:17:48.000+02:00" Amount="GBP0.00" PromotionalFare="false" FareFamily="INCLUSIVE FARE" SupplierCode="U2">
          <air:FareRuleKey FareInfoRef="giOpe27Q2BKA7SOKEAAAAA==" ProviderCode="ACH">uuid-b36a990c-4d44-4464-b04b-1889fd270204</air:FareRuleKey>
          <air:Brand Key="giOpe27Q2BKAQTOKEAAAAA==" BrandID="26972" UpSellBrandFound="false"/>
        </air:FareInfo>
        <air:FareInfo Key="giOpe27Q2BKAsSOKEAAAAA==" FareBasis="B" PassengerTypeCode="ADT" Origin="CPH" Destination="LGW" EffectiveDate="2017-08-06T16:17:48.000+02:00" Amount="GBP71.56" PromotionalFare="false" FareFamily="INCLUSIVE FARE" SupplierCode="U2">
          <air:FareRuleKey FareInfoRef="giOpe27Q2BKAsSOKEAAAAA==" ProviderCode="ACH">uuid-8b9e3752-26f2-4718-983c-74d7bbbde524</air:FareRuleKey>
          <air:Brand Key="giOpe27Q2BKARTOKEAAAAA==" BrandID="26972" UpSellBrandFound="false"/>
        </air:FareInfo>
        <air:FareInfo Key="giOpe27Q2BKA1SOKEAAAAA==" FareBasis="B" PassengerTypeCode="CHD" Origin="CPH" Destination="LGW" EffectiveDate="2017-08-06T16:17:48.000+02:00" Amount="GBP71.56" PromotionalFare="false" FareFamily="INCLUSIVE FARE" SupplierCode="U2">
          <air:FareRuleKey FareInfoRef="giOpe27Q2BKA1SOKEAAAAA==" ProviderCode="ACH">uuid-45e4eeff-47ca-4fd7-b159-8a6c18dd0f36</air:FareRuleKey>
          <air:Brand Key="giOpe27Q2BKASTOKEAAAAA==" BrandID="26972" UpSellBrandFound="false"/>
        </air:FareInfo>
        <air:FareInfo Key="giOpe27Q2BKA8SOKEAAAAA==" FareBasis="B" PassengerTypeCode="INF" Origin="CPH" Destination="LGW" EffectiveDate="2017-08-06T16:17:48.000+02:00" Amount="GBP0.00" PromotionalFare="false" FareFamily="INCLUSIVE FARE" SupplierCode="U2">
          <air:FareRuleKey FareInfoRef="giOpe27Q2BKA8SOKEAAAAA==" ProviderCode="ACH">uuid-05f9f51c-da69-4e42-bac7-4a15b3662f97</air:FareRuleKey>
          <air:Brand Key="giOpe27Q2BKATTOKEAAAAA==" BrandID="26972" UpSellBrandFound="false"/>
        </air:FareInfo>
      </air:FareInfoList>
      <air:HostTokenList>
        <common_v41_0:HostToken Key="giOpe27Q2BKADTOKEAAAAA==">H4sIAAAAAAAAAFvzloG1hIHVNSg41AgAqOI+SAwAAAA={IS@@@}H4sIAAAAAAAAAFvzloG1hIHZ3SkAAD3MWJcKAAAA{CC@@@ET}ACHSDv01LPD1:de57a2a7-fb7f-432c-873a-36af8d33b7c6</common_v41_0:HostToken>
        <common_v41_0:HostToken Key="giOpe27Q2BKAETOKEAAAAA==">H4sIAAAAAAAAAFvzloG1hIHVNSg41AgAqOI+SAwAAAA={IS@@@}H4sIAAAAAAAAAFvzloG1hIHZ3SkAAD3MWJcKAAAA{CC@@@ET}ACHSDv01LPD1:f422634a-2978-4452-accd-1c9e2e7a7c9f</common_v41_0:HostToken>
        <common_v41_0:HostToken Key="giOpe27Q2BKAFTOKEAAAAA==">H4sIAAAAAAAAAFvzloG1hIHVNSg41AgAqOI+SAwAAAA={IS@@@}H4sIAAAAAAAAAFvzloG1hIHZ3SkAAD3MWJcKAAAA{CC@@@ET}ACHSDv01LPD1:42685bb5-daf1-444f-9864-ae0c9ba6f0de</common_v41_0:HostToken>
        <common_v41_0:HostToken Key="giOpe27Q2BKAGTOKEAAAAA==">H4sIAAAAAAAAAFvzloG1hIHVNSg41AgAqOI+SAwAAAA={IS@@@}H4sIAAAAAAAAAFvzloG1hIHZ3SkAAD3MWJcKAAAA{CC@@@ET}ACHSDv01LPD1:ecd55071-b734-45f4-941d-c94a5f292f41</common_v41_0:HostToken>
      </air:HostTokenList>
      <air:APISRequirementsList>
        <air:APISRequirements Key="giOpe27Q2BKAHTOKEAAAAA==" Level="Supported" RequiredDocuments="One">
          <air:Document Sequence="1" Type="Passport" Level="Required"/>
        </air:APISRequirements>
      </air:APISRequirementsList>
      <air:AirPricingSolution Key="giOpe27Q2BKAFSOKEAAAAA==" CompleteItinerary="true" TotalPrice="GBP181.25" BasePrice="GBP242.94" ApproximateTotalPrice="EUR207.49" ApproximateBasePrice="EUR278.13" Taxes="GBP28.31" Fees="GBP-90.00">
        <air:Journey TravelTime="P0DT1H50M0S">
          <air:AirSegmentRef Key="giOpe27Q2BKAGSOKEAAAAA=="/>
        </air:Journey>
        <air:Journey TravelTime="P0DT2H5M0S">
          <air:AirSegmentRef Key="giOpe27Q2BKAISOKEAAAAA=="/>
        </air:Journey>
        <air:LegRef Key="giOpe27Q2BKAKSOKEAAAAA=="/>
        <air:LegRef Key="giOpe27Q2BKALSOKEAAAAA=="/>
        <air:AirPricingInfo Key="giOpe27Q2BKAMSOKEAAAAA==" TotalPrice="GBP64.75" BasePrice="GBP80.98" ApproximateTotalPrice="EUR74.13" ApproximateBasePrice="EUR92.71" Taxes="GBP13.77" Fees="GBP-30.00" PricingMethod="Auto" ProviderCode="ACH">
          <air:FareInfoRef Key="giOpe27Q2BKAPSOKEAAAAA=="/>
          <air:FareInfoRef Key="giOpe27Q2BKAQSOKEAAAAA=="/>
          <air:BookingInfo BookingCode="Y" BookingCount="9" CabinClass="Economy" FareInfoRef="giOpe27Q2BKAPSOKEAAAAA==" SegmentRef="giOpe27Q2BKAGSOKEAAAAA==" HostTokenRef="giOpe27Q2BKAETOKEAAAAA=="/>
          <air:BookingInfo BookingCode="Y" BookingCount="9" CabinClass="Economy" FareInfoRef="giOpe27Q2BKAQSOKEAAAAA==" SegmentRef="giOpe27Q2BKAISOKEAAAAA==" HostTokenRef="giOpe27Q2BKAGTOKEAAAAA=="/>
          <air:TaxInfo Category="DU" CarrierDefinedCategory="XT" Amount="GBP13.00" SupplierCode="U2"/>
          <air:TaxInfo Category="DU" CarrierDefinedCategory="XT" Amount="GBP0.77" SupplierCode="U2"/>
          <air:PassengerType Code="ADT" Age="40"/>
          <air:PassengerType Code="ADT" Age="40"/>
          <air:FeeInfo Key="giOpe27Q2BKATSOKEAAAAA==" Amount="GBP-15.00" Code="IED" ProviderCode="ACH" SupplierCode="U2"/>
          <air:FeeInfo Key="giOpe27Q2BKAUSOKEAAAAA==" Amount="GBP-15.00" Code="IED" ProviderCode="ACH" SupplierCode="U2"/>
        </air:AirPricingInfo>
        <air:AirPricingInfo Key="giOpe27Q2BKAVSOKEAAAAA==" TotalPrice="GBP51.75" BasePrice="GBP80.98" ApproximateTotalPrice="EUR59.25" ApproximateBasePrice="EUR92.71" Taxes="GBP0.77" Fees="GBP-30.00" PricingMethod="Auto" ProviderCode="ACH">
          <air:FareInfoRef Key="giOpe27Q2BKAYSOKEAAAAA=="/>
          <air:FareInfoRef Key="giOpe27Q2BKAZSOKEAAAAA=="/>
          <air:BookingInfo BookingCode="Y" BookingCount="9" CabinClass="Economy" FareInfoRef="giOpe27Q2BKAYSOKEAAAAA==" SegmentRef="giOpe27Q2BKAGSOKEAAAAA==" HostTokenRef="giOpe27Q2BKAETOKEAAAAA=="/>
          <air:BookingInfo BookingCode="Y" BookingCount="9" CabinClass="Economy" FareInfoRef="giOpe27Q2BKAZSOKEAAAAA==" SegmentRef="giOpe27Q2BKAISOKEAAAAA==" HostTokenRef="giOpe27Q2BKAGTOKEAAAAA=="/>
          <air:TaxInfo Category="DU" CarrierDefinedCategory="XT" Amount="GBP0.00" SupplierCode="U2"/>
          <air:TaxInfo Category="DU" CarrierDefinedCategory="XT" Amount="GBP0.77" SupplierCode="U2"/>
          <air:PassengerType Code="CHD" Age="10"/>
          <air:FeeInfo Key="giOpe27Q2BKAcSOKEAAAAA==" Amount="GBP-15.00" Code="IED" ProviderCode="ACH" SupplierCode="U2"/>
          <air:FeeInfo Key="giOpe27Q2BKAdSOKEAAAAA==" Amount="GBP-15.00" Code="IED" ProviderCode="ACH" SupplierCode="U2"/>
        </air:AirPricingInfo>
        <air:AirPricingInfo Key="giOpe27Q2BKAeSOKEAAAAA==" TotalPrice="GBP0.00" BasePrice="GBP0.00" ApproximateTotalPrice="EUR0.00" ApproximateBasePrice="EUR0.00" PricingMethod="Auto" ProviderCode="ACH">
          <air:FareInfoRef Key="giOpe27Q2BKAfSOKEAAAAA=="/>
          <air:FareInfoRef Key="giOpe27Q2BKAgSOKEAAAAA=="/>
          <air:BookingInfo BookingCode="Y" BookingCount="9" CabinClass="Economy" FareInfoRef="giOpe27Q2BKAfSOKEAAAAA==" SegmentRef="giOpe27Q2BKAGSOKEAAAAA==" HostTokenRef="giOpe27Q2BKAETOKEAAAAA=="/>
          <air:BookingInfo BookingCode="Y" BookingCount="9" CabinClass="Economy" FareInfoRef="giOpe27Q2BKAgSOKEAAAAA==" SegmentRef="giOpe27Q2BKAISOKEAAAAA==" HostTokenRef="giOpe27Q2BKAGTOKEAAAAA=="/>
          <air:PassengerType Code="INF" Age="1"/>
        </air:AirPricingInfo>
        <air:FeeInfo Key="giOpe27Q2BKAjSOKEAAAAA==" Amount="GBP-45.00" Code="IED" ProviderCode="ACH" SupplierCode="U2"/>
        <air:FeeInfo Key="giOpe27Q2BKAkSOKEAAAAA==" Amount="GBP-45.00" Code="IED" ProviderCode="ACH" SupplierCode="U2"/>
        <air:TaxInfo Category="DU" CarrierDefinedCategory="XT" Amount="GBP26.00" Key="giOpe27Q2BKAlSOKEAAAAA==" SupplierCode="U2"/>
        <air:TaxInfo Category="DU" CarrierDefinedCategory="XT" Amount="GBP2.31" Key="giOpe27Q2BKAmSOKEAAAAA==" SupplierCode="U2"/>
      </air:AirPricingSolution>
      <air:AirPricingSolution Key="giOpe27Q2BKAnSOKEAAAAA==" CompleteItinerary="true" TotalPrice="GBP401.36" BasePrice="GBP463.05" ApproximateTotalPrice="EUR459.46" ApproximateBasePrice="EUR530.10" Taxes="GBP28.31" Fees="GBP-90.00">
        <air:Journey TravelTime="P0DT1H50M0S">
          <air:AirSegmentRef Key="giOpe27Q2BKAGSOKEAAAAA=="/>
        </air:Journey>
        <air:Journey TravelTime="P0DT2H5M0S">
          <air:AirSegmentRef Key="giOpe27Q2BKAISOKEAAAAA=="/>
        </air:Journey>
        <air:LegRef Key="giOpe27Q2BKAKSOKEAAAAA=="/>
        <air:LegRef Key="giOpe27Q2BKALSOKEAAAAA=="/>
        <air:AirPricingInfo Key="giOpe27Q2BKAoSOKEAAAAA==" TotalPrice="GBP138.12" BasePrice="GBP154.35" ApproximateTotalPrice="EUR158.12" ApproximateBasePrice="EUR176.70" Taxes="GBP13.77" Fees="GBP-30.00" PricingMethod="Auto" ProviderCode="ACH">
          <air:FareInfoRef Key="giOpe27Q2BKArSOKEAAAAA=="/>
          <air:FareInfoRef Key="giOpe27Q2BKAsSOKEAAAAA=="/>
          <air:BookingInfo BookingCode="B" BookingCount="9" CabinClass="Economy" FareInfoRef="giOpe27Q2BKArSOKEAAAAA==" SegmentRef="giOpe27Q2BKAGSOKEAAAAA==" HostTokenRef="giOpe27Q2BKADTOKEAAAAA=="/>
          <air:BookingInfo BookingCode="B" BookingCount="9" CabinClass="Economy" FareInfoRef="giOpe27Q2BKAsSOKEAAAAA==" SegmentRef="giOpe27Q2BKAISOKEAAAAA==" HostTokenRef="giOpe27Q2BKAFTOKEAAAAA=="/>
          <air:TaxInfo Category="DU" CarrierDefinedCategory="XT" Amount="GBP13.00" SupplierCode="U2"/>
          <air:TaxInfo Category="DU" CarrierDefinedCategory="XT" Amount="GBP0.77" SupplierCode="U2"/>
          <air:PassengerType Code="ADT" Age="40"/>
          <air:PassengerType Code="ADT" Age="40"/>
          <air:FeeInfo Key="giOpe27Q2BKAvSOKEAAAAA==" Amount="GBP-15.00" Code="IED" ProviderCode="ACH" SupplierCode="U2"/>
          <air:FeeInfo Key="giOpe27Q2BKAwSOKEAAAAA==" Amount="GBP-15.00" Code="IED" ProviderCode="ACH" SupplierCode="U2"/>
        </air:AirPricingInfo>
        <air:AirPricingInfo Key="giOpe27Q2BKAxSOKEAAAAA==" TotalPrice="GBP125.12" BasePrice="GBP154.35" ApproximateTotalPrice="EUR143.24" ApproximateBasePrice="EUR176.70" Taxes="GBP0.77" Fees="GBP-30.00" PricingMethod="Auto" ProviderCode="ACH">
          <air:FareInfoRef Key="giOpe27Q2BKA0SOKEAAAAA=="/>
          <air:FareInfoRef Key="giOpe27Q2BKA1SOKEAAAAA=="/>
          <air:BookingInfo BookingCode="B" BookingCount="9" CabinClass="Economy" FareInfoRef="giOpe27Q2BKA0SOKEAAAAA==" SegmentRef="giOpe27Q2BKAGSOKEAAAAA==" HostTokenRef="giOpe27Q2BKADTOKEAAAAA=="/>
          <air:BookingInfo BookingCode="B" BookingCount="9" CabinClass="Economy" FareInfoRef="giOpe27Q2BKA1SOKEAAAAA==" SegmentRef="giOpe27Q2BKAISOKEAAAAA==" HostTokenRef="giOpe27Q2BKAFTOKEAAAAA=="/>
          <air:TaxInfo Category="DU" CarrierDefinedCategory="XT" Amount="GBP0.00" SupplierCode="U2"/>
          <air:TaxInfo Category="DU" CarrierDefinedCategory="XT" Amount="GBP0.77" SupplierCode="U2"/>
          <air:PassengerType Code="CHD" Age="10"/>
          <air:FeeInfo Key="giOpe27Q2BKA4SOKEAAAAA==" Amount="GBP-15.00" Code="IED" ProviderCode="ACH" SupplierCode="U2"/>
          <air:FeeInfo Key="giOpe27Q2BKA5SOKEAAAAA==" Amount="GBP-15.00" Code="IED" ProviderCode="ACH" SupplierCode="U2"/>
        </air:AirPricingInfo>
        <air:AirPricingInfo Key="giOpe27Q2BKA6SOKEAAAAA==" TotalPrice="GBP0.00" BasePrice="GBP0.00" ApproximateTotalPrice="EUR0.00" ApproximateBasePrice="EUR0.00" PricingMethod="Auto" ProviderCode="ACH">
          <air:FareInfoRef Key="giOpe27Q2BKA7SOKEAAAAA=="/>
          <air:FareInfoRef Key="giOpe27Q2BKA8SOKEAAAAA=="/>
          <air:BookingInfo BookingCode="B" BookingCount="9" CabinClass="Economy" FareInfoRef="giOpe27Q2BKA7SOKEAAAAA==" SegmentRef="giOpe27Q2BKAGSOKEAAAAA==" HostTokenRef="giOpe27Q2BKADTOKEAAAAA=="/>
          <air:BookingInfo BookingCode="B" BookingCount="9" CabinClass="Economy" FareInfoRef="giOpe27Q2BKA8SOKEAAAAA==" SegmentRef="giOpe27Q2BKAISOKEAAAAA==" HostTokenRef="giOpe27Q2BKAFTOKEAAAAA=="/>
          <air:PassengerType Code="INF" Age="1"/>
        </air:AirPricingInfo>
        <air:FeeInfo Key="giOpe27Q2BKA/SOKEAAAAA==" Amount="GBP-45.00" Code="IED" ProviderCode="ACH" SupplierCode="U2"/>
        <air:FeeInfo Key="giOpe27Q2BKAATOKEAAAAA==" Amount="GBP-45.00" Code="IED" ProviderCode="ACH" SupplierCode="U2"/>
        <air:TaxInfo Category="DU" CarrierDefinedCategory="XT" Amount="GBP26.00" Key="giOpe27Q2BKABTOKEAAAAA==" SupplierCode="U2"/>
        <air:TaxInfo Category="DU" CarrierDefinedCategory="XT" Amount="GBP2.31" Key="giOpe27Q2BKACTOKEAAAAA==" SupplierCode="U2"/>
      </air:AirPricingSolution>
      <air:AsyncProviderSpecificResponse ProviderCode="ACH" MoreResults="true"/>
      <air:BrandList>
        <air:Brand Key="giOpe27Q2BKAUTOKEAAAAA==" BrandID="26971" Name="Standard Fare" BrandedDetailsAvailable="true" Carrier="U2">
          <air:Title Type="External" LanguageCode="EN">STANDARD FARE</air:Title>
          <air:Title Type="Short" LanguageCode="EN">STANDARD</air:Title>
          <air:Text Type="Upsell" LanguageCode="EN">Upsell image test</air:Text>
          <air:Text Type="MarketingAgent" LanguageCode="EN">STANDARD fare - 

1 - No Checked Baggage. 
2 - Carry On / Hand Baggage: 1 Bag, Max 10Kg. 
3 - Flight and/or Travel Date Changes (Rebooking): Additional fee. 
4 - Refund: Non Refundable fare. 
5 - Pre Reserved Seating: Additional fee. 
6 - Meals and Beverages on board: Additional fee. 
7 - On board WiFi connectivity: No. 

STANDARD fare offers great value for money. Only pay for what you need.

LCC/API/NS8</air:Text>
          <air:Text Type="Strapline" LanguageCode="EN">Simply pay for the services you want</air:Text>
          <air:ImageLocation Type="Consumer" ImageWidth="634" ImageHeight="422">https://merchandisingmanagement.pp.travelport.com/documents/10431/13558/Easyjet%20Standard.jpg</air:ImageLocation>
          <air:ImageLocation Type="Upsell" ImageWidth="1024" ImageHeight="575">https://merchandisingmanagement.pp.travelport.com/documents/10431/13558/Easyjet%20Inclusive.jpg</air:ImageLocation>
          <air:ImageLocation Type="Agent" ImageWidth="150" ImageHeight="150">https://cdnpp.travelport.com/easyjet/U2_general_medium_88.jpg</air:ImageLocation>
        </air:Brand>
        <air:Brand Key="giOpe27Q2BKAVTOKEAAAAA==" BrandID="26972" Name="Inclusive Fare" BrandedDetailsAvailable="true" Carrier="U2">
          <air:Title Type="External" LanguageCode="EN">INCLUSIVE FARE</air:Title>
          <air:Title Type="Short" LanguageCode="EN">INCLUSIVE</air:Title>
          <air:Text Type="Upsell" LanguageCode="EN">Upgrade to our INCLUSIVE Fare for a FREE checked Bag and Seat Assignment.</air:Text>
          <air:Text Type="MarketingAgent" LanguageCode="EN">The great value INCLUSIVE Fare combines important services, such as a checked bag and seat selection, with easyJet&#x2019;s famous low fares.

INCLUSIVE fare - 

1 - Checked Baggage: 1 Bag, Max 20Kg.
2 - Carry On / Hand Baggage: 1 Bag, Max 10Kg. 
3 - Flight and/or Travel Date Changes (Rebooking): Additional fee. 
4 - Refund: Non Refundable fare. 
5 - Pre Reserved Seating: Free. 
6 - Meals and Beverages on board: Additional fee. 
7 - On board WiFi connectivity: No. 

LCC/API/NS8</air:Text>
          <air:Text Type="Strapline" LanguageCode="EN">Business Essentials</air:Text>
          <air:ImageLocation Type="Agent" ImageWidth="150" ImageHeight="150">https://cdnpp.travelport.com/easyjet/U2_general_medium_89.jpg</air:ImageLocation>
          <air:ImageLocation Type="Consumer" ImageWidth="1024" ImageHeight="575">https://merchandisingmanagement.pp.travelport.com/documents/10431/13558/Easyjet%20Inclusive.jpg</air:ImageLocation>
        </air:Brand>
      </air:BrandList>
    </air:LowFareSearchAsynchRsp>
  </SOAP:Body>
</SOAP:Envelope>
