<?xml version="1.0" encoding="utf-8"?>
<s:Envelope xmlns:s="http://schemas.xmlsoap.org/soap/envelope/">
  <s:Header>
    <Action xmlns="http://schemas.microsoft.com/ws/2005/05/addressing/none" s:mustUnderstand="1">http://localhost:8080/kestrel/AirService</Action>
  </s:Header>
  <s:Body xmlns:xsi="http://www.w3.org/2001/XMLSchema-instance" xmlns:xsd="http://www.w3.org/2001/XMLSchema">
    <AirPriceReq xmlns="http://www.travelport.com/schema/air_v41_0" xmlns:common_v41_0="http://www.travelport.com/schema/common_v41_0" TargetBranch="P7003720" CheckOBFees="true" AuthorizedBy="user">
      <BillingPointOfSaleInfo xmlns="http://www.travelport.com/schema/common_v41_0" OriginApplication="UAPI"/>
      <AirItinerary>
        <AirSegment ArrivalTime="2017-10-11T11:20:00.000+02:00" Carrier="HV" ClassOfService="Y" DepartureTime="2017-10-11T08:55:00.000+02:00" Destination="AMS" Equipment="73H" FlightNumber="5132" FlightTime="145" Group="0" HostTokenRef="D14ve24R2BKA0Eq6DAAAAA==" Key="D14ve24R2BKAc+p6DAAAAA==" Origin="BCN" ProviderCode="ACH" Status="KK" SupplierCode="HV"/>
        <AirSegment ArrivalTime="2017-10-31T14:35:00.000+01:00" Carrier="HV" ClassOfService="Y" DepartureTime="2017-10-31T12:25:00.000+01:00" Destination="BCN" Equipment="73H" FlightNumber="5135" FlightTime="130" Group="1" HostTokenRef="D14ve24R2BKAuEq6DAAAAA==" Key="D14ve24R2BKAL+p6DAAAAA==" Origin="AMS" ProviderCode="ACH" Status="KK" SupplierCode="HV"/>
        <common_v41_0:HostToken xmlns="http://www.travelport.com/schema/common_v41_0" Key="D14ve24R2BKA0Eq6DAAAAA==">H4sIAAAAAAAAAFvzloG1hIHVzy/YIwwAw/KSkAwAAAA={IS@@@}H4sIAAAAAAAAAFvzloG1hIHZNTQIAOn9UX8KAAAA{CC@@@ET}ACHSDv01LPD1:6a52b1dd-11c4-494d-8864-e2a6ba9859dc</common_v41_0:HostToken>
        <common_v41_0:HostToken xmlns="http://www.travelport.com/schema/common_v41_0" Key="D14ve24R2BKAuEq6DAAAAA==">H4sIAAAAAAAAAFvzloG1hIHVzy/YIwwAw/KSkAwAAAA={IS@@@}H4sIAAAAAAAAAFvzloG1hIHZNTQIAOn9UX8KAAAA{CC@@@ET}ACHSDv01LPD1:f3e8b4b8-80d9-4001-a928-dbef94ef2de6</common_v41_0:HostToken>
      </AirItinerary>
      <SearchPassenger xmlns="http://www.travelport.com/schema/common_v41_0" Key="0" Code="ADT"/>
      <SearchPassenger xmlns="http://www.travelport.com/schema/common_v41_0" Key="1" Code="ADT"/>
      <SearchPassenger xmlns="http://www.travelport.com/schema/common_v41_0" Key="2" Code="CHD" Age="10"/>
      <SearchPassenger xmlns="http://www.travelport.com/schema/common_v41_0" Key="3" Code="INF" Age="1"/>
      <AirPricingCommand/>
      <AirPricingCommand CabinClass="Economy">
        <AirSegmentPricingModifiers AirSegmentRef="D14ve24R2BKAc+p6DAAAAA==" FareBasisCode="RBIHV"/>
        <AirSegmentPricingModifiers AirSegmentRef="D14ve24R2BKAL+p6DAAAAA==" FareBasisCode="GBIHV"/>
      </AirPricingCommand>
      <FormOfPayment xmlns="http://www.travelport.com/schema/common_v41_0" Type="Credit">
        <CreditCard CVV="737" ExpDate="2018-08" Name="Veera K" Number="4111111111111111" Type="VI">
          <BillingAddress>
            <AddressName>Smiths</AddressName>
            <Street>14 Aurora Street</Street>
            <City>Sydney</City>
            <State>NSW</State>
            <PostalCode>2000</PostalCode>
            <Country>AU</Country>
          </BillingAddress>
        </CreditCard>
      </FormOfPayment>
    </AirPriceReq>
  </s:Body>
</s:Envelope>
