<?xml version="1.0"?>
<PurchaseConfirmRS xmlns="http://www.hotelbeds.com/schemas/2005/06/messages" xmlns:xsi="http://www.w3.org/2001/XMLSchema-instance" xsi:schemaLocation="http://www.hotelbeds.com/schemas/2005/06/messages PurchaseConfirmRS.xsd" echoToken="Golden1527620487ssrf">
  <AuditData>
    <ProcessTime>6116</ProcessTime>
    <Timestamp>2018-05-29 21:16:23.504</Timestamp>
    <RequestHost>199.79.62.63</RequestHost>
    <ServerName>FORM</ServerName>
    <ServerId>01</ServerId>
    <SchemaRelease>2005/06</SchemaRelease>
    <HydraCoreRelease>4.18.2.20180513#FO#0</HydraCoreRelease>
    <HydraEnumerationsRelease>4#134aa6e250cc#000</HydraEnumerationsRelease>
    <MerlinRelease>0</MerlinRelease>
  </AuditData>
  <Purchase purchaseToken="O2396549501" timeToExpiration="1799511">
    <Reference>
      <FileNumber>2693574</FileNumber>
      <IncomingOffice code="69"/>
    </Reference>
    <Status>BOOKING</Status>
    <Agency>
      <Code>262901</Code>
      <Branch>1</Branch>
    </Agency>
    <Language>ENG</Language>
    <CreationDate date="20180529"/>
    <CreationUser>GOLDENEDGEUS262901</CreationUser>
    <Holder type="AD">
      <Age>0</Age>
      <Name>WEWE</Name>
      <LastName>IPIP</LastName>
    </Holder>
    <AgencyReference>WEB123MYNE</AgencyReference>
    <ServiceList>
      <Service xsi:type="ServiceTransfer" transferType="OUT" SPUI="69#T#1">
        <Reference>
          <FileNumber>2693574-T1</FileNumber>
          <IncomingOffice code="69"/>
        </Reference>
        <Status>CONFIRMED</Status>
        <ContractList>
          <Contract>
            <Name>MINIVANEXTRA18</Name>
            <IncomingOffice code="69"/>
            <Sequence>49013</Sequence>
          </Contract>
        </ContractList>
        <Supplier name="CLUB TURAVIA SA DE CV" vatNumber="CTU940107CK8"/>
        <DateFrom date="20180928"/>
        <Currency code="USD">US Dollar</Currency>
        <TotalAmount>23.360</TotalAmount>
        <NetPrice>21.020</NetPrice>
        <Commission>2.340</Commission>
        <SellingPrice mandatory="Y">23.360</SellingPrice>
        <AdditionalCostList>
          <AdditionalCost type="AG_COMMISSION">
            <Price>
              <Amount>2.340</Amount>
            </Price>
          </AdditionalCost>
          <AdditionalCost type="COMMISSION_VAT">
            <Price>
              <Amount>0.000</Amount>
            </Price>
          </AdditionalCost>
          <AdditionalCost type="COMMISSION_PCT">
            <Price>
              <Amount>10.000</Amount>
            </Price>
          </AdditionalCost>
        </AdditionalCostList>
        <ModificationPolicyList>
          <ModificationPolicy>Cancellation</ModificationPolicy>
          <ModificationPolicy>Confirmation</ModificationPolicy>
          <ModificationPolicy>Modification</ModificationPolicy>
        </ModificationPolicyList>
        <TransferInfo xsi:type="ProductTransfer">
          <Code>69#T#1</Code>
          <DescriptionList>
            <Description type="GENERAL" languageCode="ENG">Private hire with driver</Description>
            <Description type="PRODUCT" languageCode="ENG">Premium product type</Description>
            <Description type="VEHICLE" languageCode="ENG">Minivan extra lugagge</Description>
          </DescriptionList>
          <ImageList>
            <Image>
              <Type>S</Type>
              <Url>http://media.stage.activitiesbank.com/giata/transfers/TRD/small/prvt-prm-mvel.png</Url>
            </Image>
            <Image>
              <Type>M</Type>
              <Url>http://media.stage.activitiesbank.com/giata/transfers/TRD/medium/prvt-prm-mvel.png</Url>
            </Image>
            <Image>
              <Type>L</Type>
              <Url>http://media.stage.activitiesbank.com/giata/transfers/TRD/large/prvt-prm-mvel.png</Url>
            </Image>
            <Image>
              <Type>XL</Type>
              <Url>http://media.stage.activitiesbank.com/giata/transfers/TRD/extralarge/prvt-prm-mvel.png</Url>
            </Image>
          </ImageList>
          <Type code="P"/>
          <VehicleType code="D"/>
          <TransferSpecificContent id="2051">
            <GenericTransferGuidelinesList>
              <TransferBulletPoint id="VOUC">
                <Description>VOUCHER </Description>
                <DetailedDescription>Remember to bring this voucher and valid photo ID with you</DetailedDescription>
              </TransferBulletPoint>
              <TransferBulletPoint id="CHAC">
                <Description>CHANGE OF ACCOMMODATION</Description>
                <DetailedDescription>If you change your accommodation during your holiday, you must inform us at least 48 hours before the departure of your flight so that we can update the details of your transfer.</DetailedDescription>
              </TransferBulletPoint>
              <TransferBulletPoint id="CHFL">
                <Description>CHANGE OF FLIGHT </Description>
                <DetailedDescription>If you change your return flight during your holiday, you must inform us at least 48 hours before the departure of your flight so that we can update the details of your transfer.</DetailedDescription>
              </TransferBulletPoint>
              <TransferBulletPoint id="EXLU">
                <Description>EXCESS LUGGAGE</Description>
                <DetailedDescription>If you arrive at the destination with an excess of luggage, you will have to pay an additional charge for the extra undeclared weight. </DetailedDescription>
              </TransferBulletPoint>
              <TransferBulletPoint id="LGPR">
                <Description>LUGGAGE PROBLEMS</Description>
                <DetailedDescription>In the event of a delay on your flight or a problem with customs or luggage,  please call the emergency number in order to advise of the delay and take the necessary steps.</DetailedDescription>
              </TransferBulletPoint>
              <TransferBulletPoint id="STFF">
                <Description>CAN'T FIND STAFF </Description>
                <DetailedDescription>In the event of being unable to locate a staff member, please call the emergency number indicated in this voucher.</DetailedDescription>
              </TransferBulletPoint>
              <TransferBulletPoint id="MTPT">
                <Description>CAN'T FIND MEETING POINT</Description>
                <DetailedDescription>In the event of being unable to locate the meeting point, please call the emergency number indicated in this voucher.</DetailedDescription>
              </TransferBulletPoint>
              <TransferBulletPoint id="VINT">
                <Description>INTERNATIONAL FLIGHTS</Description>
                <DetailedDescription>For International flights, you are advised to be at the airport 3 hours before the departure of the flight.</DetailedDescription>
              </TransferBulletPoint>
              <TransferBulletPoint id="VDOM">
                <Description>DOMESTIC FLIGHTS</Description>
                <DetailedDescription>For domestic flights, you are advised to be at the airport 2 hours before the departure of the flight.</DetailedDescription>
              </TransferBulletPoint>
              <TransferBulletPoint id="CBBS">
                <Description>CHILDBOOSTER / BABY SEAT</Description>
                <DetailedDescription>Child car seats and boosters are not included unless specified in your booking and can carry an extra cost. Should you need to book them, please contact your point of sale prior to travelling.</DetailedDescription>
              </TransferBulletPoint>
            </GenericTransferGuidelinesList>
            <SpecificTransferInfoList>
              <TransferBulletPoint xsi:type="TransferBulletPointNumber" order="1">
                <Description>Extra baggage allowed without additional fees per person</Description>
                <Value>2</Value>
                <Metric>Suitcase/s</Metric>
              </TransferBulletPoint>
            </SpecificTransferInfoList>
            <MaximumWaitingTime time="30">minutes</MaximumWaitingTime>
            <MaximumWaitingTimeSupplierDomestic time="15">minutes</MaximumWaitingTimeSupplierDomestic>
          </TransferSpecificContent>
        </TransferInfo>
        <Paxes>
          <AdultCount>2</AdultCount>
          <ChildCount>1</ChildCount>
          <GuestList>
            <Customer type="AD">
              <CustomerId>1</CustomerId>
              <Age>45</Age>
              <Name>wewe</Name>
              <LastName>ipip</LastName>
            </Customer>
            <Customer type="AD">
              <CustomerId>2</CustomerId>
              <Age>45</Age>
              <Name>adsd</Name>
              <LastName>jkjl</LastName>
            </Customer>
            <Customer type="CH">
              <CustomerId>3</CustomerId>
              <Age>6</Age>
              <Name>zczx</Name>
              <LastName>bmn</LastName>
            </Customer>
          </GuestList>
        </Paxes>
        <PickupLocation xsi:type="ProductTransferHotel">
          <Code>209473</Code>
          <Name>Ikaro Suites Cancun</Name>
          <TransferZone xsi:type="ProductZone">
            <Code>CANCUN</Code>
          </TransferZone>
        </PickupLocation>
        <DestinationLocation xsi:type="ProductTransferHotel">
          <Code>280006</Code>
          <Name>Grand Oasis Canc&#xFA;n / Oasis Cancun - Grand Oasis Ca</Name>
          <TransferZone xsi:type="ProductZone">
            <Code>CANCUN</Code>
          </TransferZone>
        </DestinationLocation>
        <ComissionPercentage>10.000</ComissionPercentage>
        <RetailPrice>23.360</RetailPrice>
        <ComissionVAT>0</ComissionVAT>
        <ProductSpecifications>
          <MasterServiceType code="PRVT" name="Private"/>
          <MasterProductType code="PRM" name="Premium"/>
          <MasterVehicleType code="MVEL" name="Minivan extra luggage"/>
          <TransferGeneralInfoList>
            <TransferBulletPoint id="ER" order="1">
              <Description>Exclusive ride for you</Description>
            </TransferBulletPoint>
            <TransferBulletPoint id="DTDS" order="2">
              <Description>Door to door service</Description>
            </TransferBulletPoint>
            <TransferBulletPoint id="AV247" order="3">
              <Description>Available 24/7</Description>
            </TransferBulletPoint>
            <TransferBulletPoint id="M&amp;GS" order="4">
              <Description>Meet &amp; Greet service</Description>
            </TransferBulletPoint>
            <TransferBulletPoint id="BAHB" order="11">
              <Description>1 item of hand baggage allowed per person</Description>
            </TransferBulletPoint>
          </TransferGeneralInfoList>
        </ProductSpecifications>
        <TransferPickupTime date="20180928" time="1200"/>
        <TransferPickupInformation>
          <Description>Please call DESTINATION SERVICES on +52 554 163 8085, at least 24 hours prior to departure to reconfirm your pick up time.You will be picked up outside the hotel entrance. If you are unable to locate the driver/agent, please call DESTINATION SERVICES on +52 554 163 8085. Languages spoken at the call centre: English, Spanish. Please do not leave the pick-up area without having contacted the agent/driver first.</Description>
        </TransferPickupInformation>
        <ArrivalTravelInfo/>
        <DepartureTravelInfo/>
        <ContactInfoList>
          <ContactInfo>
            <Type>Assistance origin</Type>
            <TimeFrom>0000</TimeFrom>
            <TimeTo>2359</TimeTo>
            <OperationDays>Monday,Tuesday,Wednesday,Thursday,Friday,Saturday,Sunday</OperationDays>
            <Language>ENG</Language>
            <CountryCode>0</CountryCode>
            <PhoneNumber>+19292070511</PhoneNumber>
          </ContactInfo>
          <ContactInfo>
            <Type>Assistance destination</Type>
            <TimeFrom>0000</TimeFrom>
            <TimeTo>2359</TimeTo>
            <OperationDays>Monday,Tuesday,Wednesday,Thursday,Friday,Saturday,Sunday</OperationDays>
            <Language>ENG</Language>
            <CountryCode>0</CountryCode>
            <PhoneNumber>+52 55 416 380 85</PhoneNumber>
          </ContactInfo>
        </ContactInfoList>
      </Service>
      <Service xsi:type="ServiceTransfer" transferType="OUT" SPUI="69#T#2">
        <Reference>
          <FileNumber>2693574-T2</FileNumber>
          <IncomingOffice code="69"/>
        </Reference>
        <Status>CONFIRMED</Status>
        <ContractList>
          <Contract>
            <Name>MINIVANEXTRA18</Name>
            <IncomingOffice code="69"/>
            <Sequence>49013</Sequence>
          </Contract>
        </ContractList>
        <Supplier name="CLUB TURAVIA SA DE CV" vatNumber="CTU940107CK8"/>
        <DateFrom date="20180930"/>
        <Currency code="USD">US Dollar</Currency>
        <TotalAmount>23.360</TotalAmount>
        <NetPrice>21.020</NetPrice>
        <Commission>2.340</Commission>
        <SellingPrice mandatory="Y">23.360</SellingPrice>
        <AdditionalCostList>
          <AdditionalCost type="AG_COMMISSION">
            <Price>
              <Amount>2.340</Amount>
            </Price>
          </AdditionalCost>
          <AdditionalCost type="COMMISSION_VAT">
            <Price>
              <Amount>0.000</Amount>
            </Price>
          </AdditionalCost>
          <AdditionalCost type="COMMISSION_PCT">
            <Price>
              <Amount>10.000</Amount>
            </Price>
          </AdditionalCost>
        </AdditionalCostList>
        <ModificationPolicyList>
          <ModificationPolicy>Cancellation</ModificationPolicy>
          <ModificationPolicy>Confirmation</ModificationPolicy>
          <ModificationPolicy>Modification</ModificationPolicy>
        </ModificationPolicyList>
        <TransferInfo xsi:type="ProductTransfer">
          <Code>69#T#2</Code>
          <DescriptionList>
            <Description type="GENERAL" languageCode="ENG">Private hire with driver</Description>
            <Description type="PRODUCT" languageCode="ENG">Premium product type</Description>
            <Description type="VEHICLE" languageCode="ENG">Minivan extra lugagge</Description>
          </DescriptionList>
          <ImageList>
            <Image>
              <Type>S</Type>
              <Url>http://media.stage.activitiesbank.com/giata/transfers/TRD/small/prvt-prm-mvel.png</Url>
            </Image>
            <Image>
              <Type>M</Type>
              <Url>http://media.stage.activitiesbank.com/giata/transfers/TRD/medium/prvt-prm-mvel.png</Url>
            </Image>
            <Image>
              <Type>L</Type>
              <Url>http://media.stage.activitiesbank.com/giata/transfers/TRD/large/prvt-prm-mvel.png</Url>
            </Image>
            <Image>
              <Type>XL</Type>
              <Url>http://media.stage.activitiesbank.com/giata/transfers/TRD/extralarge/prvt-prm-mvel.png</Url>
            </Image>
          </ImageList>
          <Type code="P"/>
          <VehicleType code="D"/>
          <TransferSpecificContent id="2051">
            <GenericTransferGuidelinesList>
              <TransferBulletPoint id="VOUC">
                <Description>VOUCHER </Description>
                <DetailedDescription>Remember to bring this voucher and valid photo ID with you</DetailedDescription>
              </TransferBulletPoint>
              <TransferBulletPoint id="CHAC">
                <Description>CHANGE OF ACCOMMODATION</Description>
                <DetailedDescription>If you change your accommodation during your holiday, you must inform us at least 48 hours before the departure of your flight so that we can update the details of your transfer.</DetailedDescription>
              </TransferBulletPoint>
              <TransferBulletPoint id="CHFL">
                <Description>CHANGE OF FLIGHT </Description>
                <DetailedDescription>If you change your return flight during your holiday, you must inform us at least 48 hours before the departure of your flight so that we can update the details of your transfer.</DetailedDescription>
              </TransferBulletPoint>
              <TransferBulletPoint id="EXLU">
                <Description>EXCESS LUGGAGE</Description>
                <DetailedDescription>If you arrive at the destination with an excess of luggage, you will have to pay an additional charge for the extra undeclared weight. </DetailedDescription>
              </TransferBulletPoint>
              <TransferBulletPoint id="LGPR">
                <Description>LUGGAGE PROBLEMS</Description>
                <DetailedDescription>In the event of a delay on your flight or a problem with customs or luggage,  please call the emergency number in order to advise of the delay and take the necessary steps.</DetailedDescription>
              </TransferBulletPoint>
              <TransferBulletPoint id="STFF">
                <Description>CAN'T FIND STAFF </Description>
                <DetailedDescription>In the event of being unable to locate a staff member, please call the emergency number indicated in this voucher.</DetailedDescription>
              </TransferBulletPoint>
              <TransferBulletPoint id="MTPT">
                <Description>CAN'T FIND MEETING POINT</Description>
                <DetailedDescription>In the event of being unable to locate the meeting point, please call the emergency number indicated in this voucher.</DetailedDescription>
              </TransferBulletPoint>
              <TransferBulletPoint id="VINT">
                <Description>INTERNATIONAL FLIGHTS</Description>
                <DetailedDescription>For International flights, you are advised to be at the airport 3 hours before the departure of the flight.</DetailedDescription>
              </TransferBulletPoint>
              <TransferBulletPoint id="VDOM">
                <Description>DOMESTIC FLIGHTS</Description>
                <DetailedDescription>For domestic flights, you are advised to be at the airport 2 hours before the departure of the flight.</DetailedDescription>
              </TransferBulletPoint>
              <TransferBulletPoint id="CBBS">
                <Description>CHILDBOOSTER / BABY SEAT</Description>
                <DetailedDescription>Child car seats and boosters are not included unless specified in your booking and can carry an extra cost. Should you need to book them, please contact your point of sale prior to travelling.</DetailedDescription>
              </TransferBulletPoint>
            </GenericTransferGuidelinesList>
            <SpecificTransferInfoList>
              <TransferBulletPoint xsi:type="TransferBulletPointNumber" order="1">
                <Description>Extra baggage allowed without additional fees per person</Description>
                <Value>2</Value>
                <Metric>Suitcase/s</Metric>
              </TransferBulletPoint>
            </SpecificTransferInfoList>
            <MaximumWaitingTime time="30">minutes</MaximumWaitingTime>
            <MaximumWaitingTimeSupplierDomestic time="15">minutes</MaximumWaitingTimeSupplierDomestic>
          </TransferSpecificContent>
        </TransferInfo>
        <Paxes>
          <AdultCount>2</AdultCount>
          <ChildCount>1</ChildCount>
          <GuestList>
            <Customer type="AD">
              <CustomerId>1</CustomerId>
              <Age>45</Age>
              <Name>wewe</Name>
              <LastName>ipip</LastName>
            </Customer>
            <Customer type="AD">
              <CustomerId>2</CustomerId>
              <Age>45</Age>
              <Name>adsd</Name>
              <LastName>jkjl</LastName>
            </Customer>
            <Customer type="CH">
              <CustomerId>3</CustomerId>
              <Age>6</Age>
              <Name>zczx</Name>
              <LastName>bmn</LastName>
            </Customer>
          </GuestList>
        </Paxes>
        <PickupLocation xsi:type="ProductTransferHotel">
          <Code>280006</Code>
          <Name>Grand Oasis Canc&#xFA;n / Oasis Cancun - Grand Oasis Ca</Name>
          <TransferZone xsi:type="ProductZone">
            <Code>CANCUN</Code>
          </TransferZone>
        </PickupLocation>
        <DestinationLocation xsi:type="ProductTransferHotel">
          <Code>209473</Code>
          <Name>Ikaro Suites Cancun</Name>
          <TransferZone xsi:type="ProductZone">
            <Code>CANCUN</Code>
          </TransferZone>
        </DestinationLocation>
        <ComissionPercentage>10.000</ComissionPercentage>
        <RetailPrice>23.360</RetailPrice>
        <ComissionVAT>0</ComissionVAT>
        <ProductSpecifications>
          <MasterServiceType code="PRVT" name="Private"/>
          <MasterProductType code="PRM" name="Premium"/>
          <MasterVehicleType code="MVEL" name="Minivan extra luggage"/>
          <TransferGeneralInfoList>
            <TransferBulletPoint id="ER" order="1">
              <Description>Exclusive ride for you</Description>
            </TransferBulletPoint>
            <TransferBulletPoint id="DTDS" order="2">
              <Description>Door to door service</Description>
            </TransferBulletPoint>
            <TransferBulletPoint id="AV247" order="3">
              <Description>Available 24/7</Description>
            </TransferBulletPoint>
            <TransferBulletPoint id="M&amp;GS" order="4">
              <Description>Meet &amp; Greet service</Description>
            </TransferBulletPoint>
            <TransferBulletPoint id="BAHB" order="11">
              <Description>1 item of hand baggage allowed per person</Description>
            </TransferBulletPoint>
          </TransferGeneralInfoList>
        </ProductSpecifications>
        <TransferPickupTime date="20180930" time="1200"/>
        <TransferPickupInformation>
          <Description>Please call DESTINATION SERVICES on +52 554 163 8085, at least 24 hours prior to departure to reconfirm your pick up time.You will be picked up outside the hotel entrance. If you are unable to locate the driver/agent, please call DESTINATION SERVICES on +52 554 163 8085. Languages spoken at the call centre: English, Spanish. Please do not leave the pick-up area without having contacted the agent/driver first.</Description>
        </TransferPickupInformation>
        <ArrivalTravelInfo/>
        <DepartureTravelInfo/>
        <ContactInfoList>
          <ContactInfo>
            <Type>Assistance origin</Type>
            <TimeFrom>0000</TimeFrom>
            <TimeTo>2359</TimeTo>
            <OperationDays>Monday,Tuesday,Wednesday,Thursday,Friday,Saturday,Sunday</OperationDays>
            <Language>ENG</Language>
            <CountryCode>0</CountryCode>
            <PhoneNumber>+19292070511</PhoneNumber>
          </ContactInfo>
          <ContactInfo>
            <Type>Assistance destination</Type>
            <TimeFrom>0000</TimeFrom>
            <TimeTo>2359</TimeTo>
            <OperationDays>Monday,Tuesday,Wednesday,Thursday,Friday,Saturday,Sunday</OperationDays>
            <Language>ENG</Language>
            <CountryCode>0</CountryCode>
            <PhoneNumber>+52 55 416 380 85</PhoneNumber>
          </ContactInfo>
        </ContactInfoList>
      </Service>
    </ServiceList>
    <Currency code="USD"/>
    <PaymentData>
      <PaymentType code="C"/>
      <InvoiceCompany>
        <Code>USB</Code>
        <Name>BEDSONLINE USA</Name>
        <RegistrationNumber>592952685</RegistrationNumber>
      </InvoiceCompany>
      <Description>Name HOTELBEDS USA INC, Bank: CITIBANK, NEW YORK(111 Wall Street, New York, NY 10043) Account:30826743 Account Routing /ABA/IBAN/: ABA 021000089,  SWIFT:CITIUS33,  7 days prior to clients arrival (except group bookings with fixed days in advance at the time of the confirmation) . Please indicate our reference number when making payment. Thank you for your cooperation.</Description>
    </PaymentData>
    <TotalPrice>46.720</TotalPrice>
    <PendingAmount>42.040</PendingAmount>
  </Purchase>
</PurchaseConfirmRS>
