<?xml version="1.0" encoding="UTF-8"?>
<PurchaseConfirmRQ xmlns="http://www.hotelbeds.com/schemas/2005/06/messages" xmlns:xsi="http://www.w3.org/2001/XMLSchema-instance" echoToken="Golden1527620487ssrf" version="2013/12">
  <Language>ENG</Language>
  <Credentials>
    <User>GOLDENEDGEUS262901</User>
    <Password>GOLDENEDGEUS262901</Password>
    <Platform>55</Platform>
  </Credentials>
  <ConfirmationData purchaseToken="O2396549501">
    <Holder type="AD">
      <CustomerId>Hldr</CustomerId>
      <Name>wewe</Name>
      <LastName>ipip</LastName>
    </Holder>
    <AgencyReference>Web123myne</AgencyReference>
    <ConfirmationServiceDataList>
      <ServiceData xsi:type="ConfirmationServiceDataTransfer" SPUI="69#T#1">
        <CustomerList>
          <Customer type="AD">
            <CustomerId>1</CustomerId>
            <Age>45</Age>
            <Name>wewe</Name>
            <LastName>ipip</LastName>
          </Customer>
          <Customer type="AD">
            <CustomerId>2</CustomerId>
            <Age>45</Age>
            <Name>adsd</Name>
            <LastName>jkjl</LastName>
          </Customer>
          <Customer type="CH">
            <CustomerId>3</CustomerId>
            <Age>6</Age>
            <Name>zczx</Name>
            <LastName>bmn</LastName>
          </Customer>
        </CustomerList>
        <ArrivalTravelInfo>
          <ArrivalInfo xsi:type="ProductTransferTerminal">
            <Code>209473</Code>
            <DateTime date="20180928" time="1200"/>
          </ArrivalInfo>
          <TravelNumber>ABCFFF</TravelNumber>
        </ArrivalTravelInfo>
        <DepartureTravelInfo>
          <DepartInfo>
            <Code>280006</Code>
            <DateTime date="20180928" time="1500"/>
          </DepartInfo>
          <TravelNumber>TRAIN23</TravelNumber>
        </DepartureTravelInfo>
      </ServiceData>
      <ServiceData xsi:type="ConfirmationServiceDataTransfer" SPUI="69#T#2">
        <CustomerList>
          <Customer type="AD">
            <CustomerId>4</CustomerId>
            <Age>45</Age>
            <Name>wewe</Name>
            <LastName>ipip</LastName>
          </Customer>
          <Customer type="AD">
            <CustomerId>5</CustomerId>
            <Age>45</Age>
            <Name>adsd</Name>
            <LastName>jkjl</LastName>
          </Customer>
          <Customer type="CH">
            <CustomerId>6</CustomerId>
            <Age>6</Age>
            <Name>zczx</Name>
            <LastName>bmn</LastName>
          </Customer>
        </CustomerList>
        <ArrivalTravelInfo>
          <ArrivalInfo xsi:type="ProductTransferTerminal">
            <Code>280006</Code>
            <DateTime date="20180930" time="1200"/>
          </ArrivalInfo>
          <TravelNumber>TRAIN23</TravelNumber>
        </ArrivalTravelInfo>
        <DepartureTravelInfo>
          <DepartInfo>
            <Code>209473</Code>
            <DateTime date="20180930" time="1500"/>
          </DepartInfo>
          <TravelNumber>TRAIN23</TravelNumber>
        </DepartureTravelInfo>
      </ServiceData>
    </ConfirmationServiceDataList>
  </ConfirmationData>
</PurchaseConfirmRQ>
