<AirPriceReq xmlns="http://www.travelport.com/schema/air_v42_0" TraceId="3082bfa9-adc0-462c-98f2-879c130c9ed9" AuthorizedBy="Travelport" TargetBranch="P7003720">
  <BillingPointOfSaleInfo xmlns="http://www.travelport.com/schema/common_v42_0" OriginApplication="uAPI" />
  <AirItinerary>
    <AirSegment Key="Zjvsr28Q2BKA4nP1AAAAAA==" Status="KK" HostTokenRef="Zjvsr28Q2BKA5sP1AAAAAA==" Equipment="73H" Group="0" Carrier="HV" FlightNumber="5134" Origin="BCN" Destination="AMS" DepartureTime="2017-10-11T21:45:00.000+02:00" ArrivalTime="2017-10-12T00:10:00.000+02:00" FlightTime="145" ProviderCode="ACH" SupplierCode="HV" ClassOfService="X">
      <CodeshareInfo OperatingCarrier="HV" OperatingFlightNumber="5134" />
    </AirSegment>
    <AirSegment Key="Zjvsr28Q2BKA6nP1AAAAAA==" Status="KK" HostTokenRef="Zjvsr28Q2BKAzsP1AAAAAA==" Equipment="73H" Group="1" Carrier="HV" FlightNumber="5133" Origin="AMS" Destination="BCN" DepartureTime="2017-10-31T18:50:00.000+01:00" ArrivalTime="2017-10-31T21:00:00.000+01:00" FlightTime="130" ProviderCode="ACH" SupplierCode="HV" ClassOfService="X">
      <CodeshareInfo OperatingCarrier="HV" OperatingFlightNumber="5133" />
    </AirSegment>
    <HostToken xmlns="http://www.travelport.com/schema/common_v42_0" Key="Zjvsr28Q2BKA5sP1AAAAAA==">NNSHV{IS###}EUR{CC###ET}ACHSDv01LPD1:b1939948-bdba-4857-a34e-742a62f79335</HostToken>
    <HostToken xmlns="http://www.travelport.com/schema/common_v42_0" Key="Zjvsr28Q2BKAzsP1AAAAAA==">NNSHV{IS###}EUR{CC###ET}ACHSDv01LPD1:b1b8a6a5-c5d2-4a36-9d6c-5c6af80d774f</HostToken>
  </AirItinerary>
  <AirPricingModifiers>
    <BrandModifiers ModifierType="FareFamilyDisplay" />
  </AirPricingModifiers>
  <SearchPassenger xmlns="http://www.travelport.com/schema/common_v42_0" Code="ADT" BookingTravelerRef="R29QdDhMcGhROE5HTWdQNw==" Key="R29QdDhMcGhROE5HTWdQNw==" />
  <SearchPassenger xmlns="http://www.travelport.com/schema/common_v42_0" Code="ADT" BookingTravelerRef="RWhHcms1dVlSY21zYURBaQ==" Key="RWhHcms1dVlSY21zYURBaQ==" />
  <SearchPassenger xmlns="http://www.travelport.com/schema/common_v42_0" Code="CNN" Age="5" BookingTravelerRef="R25vOUNHZjRlamtwejJVbw==" Key="R25vOUNHZjRlamtwejJVbw==" />
  <SearchPassenger xmlns="http://www.travelport.com/schema/common_v42_0" Code="INF" Age="1" BookingTravelerRef="OFRPOFR1Z25yaXkyaEJXZw==" Key="OFRPOFR1Z25yaXkyaEJXZw==" />
  <AirPricingCommand>
    <AirSegmentPricingModifiers AirSegmentRef="Zjvsr28Q2BKA4nP1AAAAAA==" CabinClass="Economy" FareBasisCode="NBAHV" />
    <AirSegmentPricingModifiers AirSegmentRef="Zjvsr28Q2BKA6nP1AAAAAA==" CabinClass="Economy" FareBasisCode="GBAHV" />
  </AirPricingCommand>
  <FormOfPayment xmlns="http://www.travelport.com/schema/common_v42_0" Type="Credit" />
</AirPriceReq>