<PurchaseCancelRS xmlns="http://www.hotelbeds.com/schemas/2005/06/messages" xmlns:xsi="http://www.w3.org/2001/XMLSchema-instance" xsi:schemaLocation="http://www.hotelbeds.com/schemas/2005/06/messages PurchaseCancelRS.xsd" type="C"><AuditData><ProcessTime>5673</ProcessTime><Timestamp>2018-05-30 08:22:04.092</Timestamp><RequestHost>199.79.62.63</RequestHost><ServerName>CERT</ServerName><ServerId>01</ServerId><SchemaRelease>2005/06</SchemaRelease><HydraCoreRelease>4.18.2.20180513#FO#0</HydraCoreRelease><HydraEnumerationsRelease>3#64c4dc4dfe6a#000</HydraEnumerationsRelease><MerlinRelease>0</MerlinRelease></AuditData><Purchase purchaseToken="O1269499911" timeToExpiration="1798740"><Reference><FileNumber>2301676</FileNumber><IncomingOffice code="57"></IncomingOffice></Reference><Status>CANCELLED</Status><Agency><Code>262901</Code><Branch>1</Branch></Agency><Language>ENG</Language><CreationDate date="20180529"/><CreationUser>GOLDENEDGEUS262901</CreationUser><Holder type="AD"><Age>0</Age><Name>JMA</Name><LastName>MNAI</LastName></Holder><AgencyReference>WEB123MYNE</AgencyReference><ServiceList><Service xsi:type="ServiceTransfer" transferType="IN" SPUI="57#T#1"><Reference><FileNumber>2301676-T1</FileNumber><IncomingOffice code="57"></IncomingOffice></Reference><Status>CANCELLED</Status><ContractList><Contract><Name>COST TAB P B18</Name><IncomingOffice code="57"></IncomingOffice><Sequence>139098</Sequence></Contract></ContractList><Supplier name="HOTELBEDS SPAIN, S.L.U" vatNumber="ESB28916765"/><DateFrom date="20180831"/><Currency code="USD">US Dollar</Currency><TotalAmount>0.000</TotalAmount><SellingPrice mandatory="N">0.000</SellingPrice><AdditionalCostList><AdditionalCost type="AG_COMMISSION"><Price><Amount>0.000</Amount></Price></AdditionalCost><AdditionalCost type="COMMISSION_VAT"><Price><Amount>0.000</Amount></Price></AdditionalCost><AdditionalCost type="COMMISSION_PCT"><Price><Amount>10.000</Amount></Price></AdditionalCost></AdditionalCostList><ModificationPolicyList><ModificationPolicy>Cancellation</ModificationPolicy><ModificationPolicy>Confirmation</ModificationPolicy><ModificationPolicy>Modification</ModificationPolicy></ModificationPolicyList><TransferInfo xsi:type="ProductTransfer"><Code>57#T#1</Code><DescriptionList><Description type="GENERAL" languageCode="ENG">Private hire with driver</Description><Description type="PRODUCT" languageCode="ENG">Premium product type</Description><Description type="VEHICLE" languageCode="ENG">Car</Description></DescriptionList><ImageList><Image><Type>S</Type><Url>http://media.stage.activitiesbank.com/giata/transfers/TRD/small/prvt-prm-cr.png</Url></Image><Image><Type>M</Type><Url>http://media.stage.activitiesbank.com/giata/transfers/TRD/medium/prvt-prm-cr.png</Url></Image><Image><Type>L</Type><Url>http://media.stage.activitiesbank.com/giata/transfers/TRD/large/prvt-prm-cr.png</Url></Image><Image><Type>XL</Type><Url>http://media.stage.activitiesbank.com/giata/transfers/TRD/extralarge/prvt-prm-cr.png</Url></Image></ImageList><Type code="P"></Type><VehicleType code="C"></VehicleType><TransferSpecificContent id="1321"><GenericTransferGuidelinesList><TransferBulletPoint id="LGPR"><Description>LUGGAGE PROBLEMS</Description><DetailedDescription>In the event of a delay on your flight or a problem with customs or luggage,  please call the emergency number in order to advise of the delay and take the necessary steps.</DetailedDescription></TransferBulletPoint><TransferBulletPoint id="CHIN"><Description>CHECK INFORMATION</Description><DetailedDescription>If the details do not correspond with the reservation, please contact your agency immediately.</DetailedDescription></TransferBulletPoint><TransferBulletPoint id="SPLU"><Description>SPECIAL LUGGAGE</Description><DetailedDescription>In the event of extra luggage or sport equipment being checked in, please contact us, as this may carry an extra charge.</DetailedDescription></TransferBulletPoint><TransferBulletPoint id="DRVR"><Description>CAN&apos;T FIND DRIVER</Description><DetailedDescription>In the event of being unable to locate the driver, please call the emergency number indicated in this voucher.</DetailedDescription></TransferBulletPoint><TransferBulletPoint id="CBBS"><Description>CHILDBOOSTER / BABY SEAT</Description><DetailedDescription>Child car seats and boosters are not included unless specified in your booking and can carry an extra cost. Should you need to book them, please contact your point of sale prior to travelling.</DetailedDescription></TransferBulletPoint><TransferBulletPoint id="DOMEST"><Description>Domestic arrivals</Description><DetailedDescription>Domestic arrivals: Journeys made within the borders of the same country or European airspace (Schengen) or from Schengen space to any of these countries: Bulgaria, Cyprus, Croatia, Ireland, United Kingdom and Romania. Passengers do not have to go through customs controll</DetailedDescription></TransferBulletPoint></GenericTransferGuidelinesList><MaximumWaitingTimeSupplierDomestic time="60">minutes</MaximumWaitingTimeSupplierDomestic><MaximumWaitingTimeSupplierInternational time="90">minutes</MaximumWaitingTimeSupplierInternational></TransferSpecificContent></TransferInfo><Paxes><AdultCount>2</AdultCount><ChildCount>1</ChildCount></Paxes><PickupLocation xsi:type="ProductTransferTerminal"><Code>TRALC</Code><Name>Alicante, Train Station</Name><TransferZone xsi:type="ProductZone"><Code>TREN ALICA</Code></TransferZone><Country code="ES"><Name>Spain</Name></Country><TerminalType>T</TerminalType></PickupLocation><DestinationLocation xsi:type="ProductTransferHotel"><Code>271963</Code><Name>Caballo De Oro</Name><TransferZone xsi:type="ProductZone"><Code>BENIDORM</Code></TransferZone></DestinationLocation><RetailPrice>0.000</RetailPrice><ProductSpecifications><MasterServiceType code="PRVT" name="Private"/><MasterProductType code="PRM" name="Premium"/><MasterVehicleType code="CR" name="Car"/><TransferGeneralInfoList><TransferBulletPoint id="ER" order="1"><Description>Exclusive ride for you</Description></TransferBulletPoint><TransferBulletPoint id="DTDS" order="2"><Description>Door to door service</Description></TransferBulletPoint><TransferBulletPoint id="AV247" order="3"><Description>Available 24/7</Description></TransferBulletPoint><TransferBulletPoint id="M&amp;GS" order="4"><Description>Meet &amp; Greet service</Description></TransferBulletPoint><TransferBulletPoint id="BAHB" order="11"><Description>1 item of hand baggage allowed per person</Description></TransferBulletPoint><TransferBulletPoint id="BA" order="12"><Description>1 piece of baggage allowed per person ( max.dimensions 158cm) length+width+height=158cm</Description></TransferBulletPoint></TransferGeneralInfoList></ProductSpecifications><TransferPickupTime date="20180831" time="1200"/><TransferPickupInformation><Description>Once you have collected your luggage, a staff member will be waiting for you at the Arrivals Hall with a sign with your name on it. If you are unable to locate the driver/agent, please call DESTINATION SERVICES on +34 971 922 694 .Languages spoken at the call centre: English, Spanish. Please do not leave the pick-up area without having contacted the agent/driver first.</Description></TransferPickupInformation><ArrivalTravelInfo><DepartInfo xsi:type="ProductTransferTerminal"><Code>XXX</Code></DepartInfo><ArrivalInfo xsi:type="ProductTransferTerminal"><Code>TRALC</Code><Name>Alicante, Train Station</Name><DateTime date="20180831" time="1500"/><Country code="ES"><Name>Spain</Name></Country><TerminalType>T</TerminalType></ArrivalInfo><TravelNumber>VEERA12</TravelNumber><TrainNumber>veera12</TrainNumber></ArrivalTravelInfo><DepartureTravelInfo></DepartureTravelInfo><ContactInfoList><ContactInfo><Type>Assistance origin</Type><TimeFrom>0000</TimeFrom><TimeTo>2359</TimeTo><OperationDays>Monday,Tuesday,Wednesday,Thursday,Friday,Saturday,Sunday</OperationDays><Language>ENG</Language><CountryCode>0</CountryCode><PhoneNumber>+19292070511</PhoneNumber></ContactInfo><ContactInfo><Type>Assistance destination</Type><TimeFrom>0000</TimeFrom><TimeTo>2359</TimeTo><OperationDays>Monday,Tuesday,Wednesday,Thursday,Friday,Saturday,Sunday</OperationDays><Language>ENG</Language><CountryCode>0</CountryCode><PhoneNumber>+34971211630</PhoneNumber></ContactInfo></ContactInfoList></Service><Service xsi:type="ServiceTransfer" transferType="OUT" SPUI="57#T#2"><Reference><FileNumber>2301676-T2</FileNumber><IncomingOffice code="57"></IncomingOffice></Reference><Status>CANCELLED</Status><ContractList><Contract><Name>COST TAB P B18</Name><IncomingOffice code="57"></IncomingOffice><Sequence>139098</Sequence></Contract></ContractList><Supplier name="HOTELBEDS SPAIN, S.L.U" vatNumber="ESB28916765"/><DateFrom date="20180830"/><Currency code="USD">US Dollar</Currency><TotalAmount>0.000</TotalAmount><SellingPrice mandatory="N">0.000</SellingPrice><AdditionalCostList><AdditionalCost type="AG_COMMISSION"><Price><Amount>0.000</Amount></Price></AdditionalCost><AdditionalCost type="COMMISSION_VAT"><Price><Amount>0.000</Amount></Price></AdditionalCost><AdditionalCost type="COMMISSION_PCT"><Price><Amount>10.000</Amount></Price></AdditionalCost></AdditionalCostList><ModificationPolicyList><ModificationPolicy>Cancellation</ModificationPolicy><ModificationPolicy>Confirmation</ModificationPolicy><ModificationPolicy>Modification</ModificationPolicy></ModificationPolicyList><TransferInfo xsi:type="ProductTransfer"><Code>57#T#2</Code><DescriptionList><Description type="GENERAL" languageCode="ENG">Private hire with driver</Description><Description type="PRODUCT" languageCode="ENG">Premium product type</Description><Description type="VEHICLE" languageCode="ENG">Car</Description></DescriptionList><ImageList><Image><Type>S</Type><Url>http://media.stage.activitiesbank.com/giata/transfers/TRD/small/prvt-prm-cr.png</Url></Image><Image><Type>M</Type><Url>http://media.stage.activitiesbank.com/giata/transfers/TRD/medium/prvt-prm-cr.png</Url></Image><Image><Type>L</Type><Url>http://media.stage.activitiesbank.com/giata/transfers/TRD/large/prvt-prm-cr.png</Url></Image><Image><Type>XL</Type><Url>http://media.stage.activitiesbank.com/giata/transfers/TRD/extralarge/prvt-prm-cr.png</Url></Image></ImageList><Type code="P"></Type><VehicleType code="C"></VehicleType><TransferSpecificContent id="1321"><GenericTransferGuidelinesList><TransferBulletPoint id="LGPR"><Description>LUGGAGE PROBLEMS</Description><DetailedDescription>In the event of a delay on your flight or a problem with customs or luggage,  please call the emergency number in order to advise of the delay and take the necessary steps.</DetailedDescription></TransferBulletPoint><TransferBulletPoint id="CHIN"><Description>CHECK INFORMATION</Description><DetailedDescription>If the details do not correspond with the reservation, please contact your agency immediately.</DetailedDescription></TransferBulletPoint><TransferBulletPoint id="DRVR"><Description>CAN&apos;T FIND DRIVER</Description><DetailedDescription>In the event of being unable to locate the driver, please call the emergency number indicated in this voucher.</DetailedDescription></TransferBulletPoint><TransferBulletPoint id="CBBS"><Description>CHILDBOOSTER / BABY SEAT</Description><DetailedDescription>Child car seats and boosters are not included unless specified in your booking and can carry an extra cost. Should you need to book them, please contact your point of sale prior to travelling.</DetailedDescription></TransferBulletPoint></GenericTransferGuidelinesList><MaximumWaitingTime time="30">minutes</MaximumWaitingTime><MaximumWaitingTimeSupplierDomestic time="15">minutes</MaximumWaitingTimeSupplierDomestic></TransferSpecificContent></TransferInfo><Paxes><AdultCount>2</AdultCount><ChildCount>1</ChildCount></Paxes><PickupLocation xsi:type="ProductTransferHotel"><Code>271963</Code><Name>Caballo De Oro</Name><TransferZone xsi:type="ProductZone"><Code>BENIDORM</Code></TransferZone></PickupLocation><DestinationLocation xsi:type="ProductTransferTerminal"><Code>TRALC</Code><Name>Alicante, Train Station</Name><TransferZone xsi:type="ProductZone"><Code>TREN ALICA</Code></TransferZone><Country code="ES"><Name>Spain</Name></Country><TerminalType>T</TerminalType></DestinationLocation><RetailPrice>0.000</RetailPrice><ProductSpecifications><MasterServiceType code="PRVT" name="Private"/><MasterProductType code="PRM" name="Premium"/><MasterVehicleType code="CR" name="Car"/><TransferGeneralInfoList><TransferBulletPoint id="ER" order="1"><Description>Exclusive ride for you</Description></TransferBulletPoint><TransferBulletPoint id="DTDS" order="2"><Description>Door to door service</Description></TransferBulletPoint><TransferBulletPoint id="AV247" order="3"><Description>Available 24/7</Description></TransferBulletPoint><TransferBulletPoint id="M&amp;GS" order="4"><Description>Meet &amp; Greet service</Description></TransferBulletPoint><TransferBulletPoint id="BAHB" order="11"><Description>1 item of hand baggage allowed per person</Description></TransferBulletPoint><TransferBulletPoint id="BA" order="12"><Description>1 piece of baggage allowed per person ( max.dimensions 158cm) length+width+height=158cm</Description></TransferBulletPoint></TransferGeneralInfoList></ProductSpecifications><TransferPickupTime date="20180830" time="1000"/><TransferPickupInformation><Description>You will be picked up outside the hotel entrance.If you are unable to locate the driver/agent, please call DESTINATION SERVICES on +34 971 922 694 .Languages spoken at the call centre: English, Spanish. Please do not leave the pick-up area without having contacted the agent/driver first.</Description></TransferPickupInformation><ArrivalTravelInfo></ArrivalTravelInfo><DepartureTravelInfo><DepartInfo xsi:type="ProductTransferTerminal"><Code>TRALC</Code><Name>Alicante, Train Station</Name><DateTime date="20180830" time="1500"/><Country code="ES"><Name>Spain</Name></Country><TerminalType>T</TerminalType></DepartInfo><ArrivalInfo xsi:type="ProductTransferTerminal"><Code>XXX</Code></ArrivalInfo><TravelNumber>PERS234</TravelNumber><TrainNumber>PERS234</TrainNumber></DepartureTravelInfo><ContactInfoList><ContactInfo><Type>Assistance origin</Type><TimeFrom>0000</TimeFrom><TimeTo>2359</TimeTo><OperationDays>Monday,Tuesday,Wednesday,Thursday,Friday,Saturday,Sunday</OperationDays><Language>ENG</Language><CountryCode>0</CountryCode><PhoneNumber>+19292070511</PhoneNumber></ContactInfo><ContactInfo><Type>Assistance destination</Type><TimeFrom>0000</TimeFrom><TimeTo>2359</TimeTo><OperationDays>Monday,Tuesday,Wednesday,Thursday,Friday,Saturday,Sunday</OperationDays><Language>ENG</Language><CountryCode>0</CountryCode><PhoneNumber>+34971211630</PhoneNumber></ContactInfo></ContactInfoList></Service></ServiceList><Currency code="USD"></Currency><PaymentData><PaymentType code="C"></PaymentType><InvoiceCompany><Code>USB</Code><Name>BEDSONLINE USA</Name><RegistrationNumber>592952685</RegistrationNumber></InvoiceCompany><Description>Name HOTELBEDS USA INC, Bank: CITIBANK, NEW YORK(111 Wall Street, New York, NY 10043) Account:30826743 Account Routing /ABA/IBAN/: ABA 021000089,  SWIFT:CITIUS33,  7 days prior to clients arrival (except group bookings with fixed days in advance at the time of the confirmation) . Please indicate our reference number when making payment. Thank you for your cooperation.</Description></PaymentData><TotalPrice>0.000</TotalPrice><PendingAmount>0.000</PendingAmount></Purchase><Currency code="USD"></Currency><Amount>0.000</Amount></PurchaseCancelRS>
