<?xml version="1.0" encoding="UTF-8"?>
<PurchaseConfirmRQ xmlns="http://www.hotelbeds.com/schemas/2005/06/messages" xmlns:xsi="http://www.w3.org/2001/XMLSchema-instance" echoToken="Golden1527620068ssrf" version="2013/12">
  <Language>ENG</Language>
  <Credentials>
    <User>GOLDENEDGEUS262901</User>
    <Password>GOLDENEDGEUS262901</Password>
    <Platform>55</Platform>
  </Credentials>
  <ConfirmationData purchaseToken="O4007343815">
    <Holder type="AD">
      <CustomerId>Hldr</CustomerId>
      <Name>jma</Name>
      <LastName>mnai</LastName>
    </Holder>
    <AgencyReference>Web123myne</AgencyReference>
    <ConfirmationServiceDataList>
      <ServiceData xsi:type="ConfirmationServiceDataTransfer" SPUI="57#T#1">
        <CustomerList>
          <Customer type="AD">
            <CustomerId>1</CustomerId>
            <Age>45</Age>
            <Name>jma</Name>
            <LastName>mnai</LastName>
          </Customer>
          <Customer type="AD">
            <CustomerId>2</CustomerId>
            <Age>45</Age>
            <Name>ertyj</Name>
            <LastName>ertyj</LastName>
          </Customer>
          <Customer type="CH">
            <CustomerId>3</CustomerId>
            <Age>6</Age>
            <Name>mnbv</Name>
            <LastName>asdf</LastName>
          </Customer>
        </CustomerList>
        <ArrivalTravelInfo>
          <ArrivalInfo xsi:type="ProductTransferTerminal">
            <Code>TRALC</Code>
            <DateTime date="20180830" time="1200"/>
          </ArrivalInfo>
          <TravelNumber>veera12</TravelNumber>
        </ArrivalTravelInfo>
        <DepartureTravelInfo>
          <DepartInfo>
            <Code>271963</Code>
            <DateTime date="20180830" time="1500"/>
          </DepartInfo>
          <TravelNumber>PERS234</TravelNumber>
        </DepartureTravelInfo>
      </ServiceData>
      <ServiceData xsi:type="ConfirmationServiceDataTransfer" SPUI="57#T#2">
        <CustomerList>
          <Customer type="AD">
            <CustomerId>4</CustomerId>
            <Age>45</Age>
            <Name>jma</Name>
            <LastName>mnai</LastName>
          </Customer>
          <Customer type="AD">
            <CustomerId>5</CustomerId>
            <Age>45</Age>
            <Name>ertyj</Name>
            <LastName>ertyj</LastName>
          </Customer>
          <Customer type="CH">
            <CustomerId>6</CustomerId>
            <Age>6</Age>
            <Name>mnbv</Name>
            <LastName>asdf</LastName>
          </Customer>
        </CustomerList>
        <ArrivalTravelInfo>
          <ArrivalInfo xsi:type="ProductTransferTerminal">
            <Code>271963</Code>
            <DateTime date="20180831" time="1200"/>
          </ArrivalInfo>
          <TravelNumber>PERS234</TravelNumber>
        </ArrivalTravelInfo>
        <DepartureTravelInfo>
          <DepartInfo>
            <Code>TRALC</Code>
            <DateTime date="20180831" time="1500"/>
          </DepartInfo>
          <TravelNumber>PERS234</TravelNumber>
        </DepartureTravelInfo>
      </ServiceData>
    </ConfirmationServiceDataList>
  </ConfirmationData>
</PurchaseConfirmRQ>
