<?xml version="1.0"?>
<ServiceAddRS xmlns="http://www.hotelbeds.com/schemas/2005/06/messages" xmlns:xsi="http://www.w3.org/2001/XMLSchema-instance" xsi:schemaLocation="http://www.hotelbeds.com/schemas/2005/06/messages ServiceAddRS.xsd" echoToken="Golden1527620038ssrf">
  <AuditData>
    <ProcessTime>548</ProcessTime>
    <Timestamp>2018-05-29 21:08:48.834</Timestamp>
    <RequestHost>199.79.62.63</RequestHost>
    <ServerName>FORM</ServerName>
    <ServerId>01</ServerId>
    <SchemaRelease>2005/06</SchemaRelease>
    <HydraCoreRelease>4.18.2.20180513#FO#0</HydraCoreRelease>
    <HydraEnumerationsRelease>4#2a609ceee582#000</HydraEnumerationsRelease>
    <MerlinRelease>0</MerlinRelease>
  </AuditData>
  <Purchase purchaseToken="O4007343815" timeToExpiration="1796471">
    <Status>SHOPPING_CART</Status>
    <Agency>
      <Code>262901</Code>
      <Branch>1</Branch>
    </Agency>
    <Language>ENG</Language>
    <CreationUser>GOLDENEDGEUS262901</CreationUser>
    <ServiceList>
      <Service xsi:type="ServiceTransfer" transferType="IN" SPUI="57#T#1">
        <Status>NEW</Status>
        <ContractList>
          <Contract>
            <Name>COST TAB P B18</Name>
            <IncomingOffice code="57"/>
            <Sequence>139098</Sequence>
          </Contract>
        </ContractList>
        <Supplier name="HOTELBEDS SPAIN, S.L.U" vatNumber="ESB28916765"/>
        <DateFrom date="20180831"/>
        <Currency code="USD">US Dollar</Currency>
        <TotalAmount>90.490</TotalAmount>
        <NetPrice>81.440</NetPrice>
        <Commission>9.050</Commission>
        <SellingPrice mandatory="Y">90.490</SellingPrice>
        <AdditionalCostList>
          <AdditionalCost type="AG_COMMISSION">
            <Price>
              <Amount>9.050</Amount>
            </Price>
          </AdditionalCost>
          <AdditionalCost type="COMMISSION_VAT">
            <Price>
              <Amount>0.000</Amount>
            </Price>
          </AdditionalCost>
          <AdditionalCost type="COMMISSION_PCT">
            <Price>
              <Amount>10.000</Amount>
            </Price>
          </AdditionalCost>
        </AdditionalCostList>
        <ModificationPolicyList>
          <ModificationPolicy>Cancellation</ModificationPolicy>
          <ModificationPolicy>Confirmation</ModificationPolicy>
          <ModificationPolicy>Modification</ModificationPolicy>
        </ModificationPolicyList>
        <TransferInfo xsi:type="ProductTransfer">
          <Code>57#T#1</Code>
          <DescriptionList>
            <Description type="GENERAL" languageCode="ENG">Private hire with driver</Description>
            <Description type="PRODUCT" languageCode="ENG">Premium product type</Description>
            <Description type="VEHICLE" languageCode="ENG">Car</Description>
          </DescriptionList>
          <ImageList>
            <Image>
              <Type>S</Type>
              <Url>http://media.stage.activitiesbank.com/giata/transfers/TRD/small/prvt-prm-cr.png</Url>
            </Image>
            <Image>
              <Type>M</Type>
              <Url>http://media.stage.activitiesbank.com/giata/transfers/TRD/medium/prvt-prm-cr.png</Url>
            </Image>
            <Image>
              <Type>L</Type>
              <Url>http://media.stage.activitiesbank.com/giata/transfers/TRD/large/prvt-prm-cr.png</Url>
            </Image>
            <Image>
              <Type>XL</Type>
              <Url>http://media.stage.activitiesbank.com/giata/transfers/TRD/extralarge/prvt-prm-cr.png</Url>
            </Image>
          </ImageList>
          <Type code="P"/>
          <VehicleType code="C"/>
          <TransferSpecificContent id="1321">
            <GenericTransferGuidelinesList>
              <TransferBulletPoint id="LGPR">
                <Description>LUGGAGE PROBLEMS</Description>
                <DetailedDescription>In the event of a delay on your flight or a problem with customs or luggage,  please call the emergency number in order to advise of the delay and take the necessary steps.</DetailedDescription>
              </TransferBulletPoint>
              <TransferBulletPoint id="CHIN">
                <Description>CHECK INFORMATION</Description>
                <DetailedDescription>If the details do not correspond with the reservation, please contact your agency immediately.</DetailedDescription>
              </TransferBulletPoint>
              <TransferBulletPoint id="SPLU">
                <Description>SPECIAL LUGGAGE</Description>
                <DetailedDescription>In the event of extra luggage or sport equipment being checked in, please contact us, as this may carry an extra charge.</DetailedDescription>
              </TransferBulletPoint>
              <TransferBulletPoint id="DRVR">
                <Description>CAN'T FIND DRIVER</Description>
                <DetailedDescription>In the event of being unable to locate the driver, please call the emergency number indicated in this voucher.</DetailedDescription>
              </TransferBulletPoint>
              <TransferBulletPoint id="CBBS">
                <Description>CHILDBOOSTER / BABY SEAT</Description>
                <DetailedDescription>Child car seats and boosters are not included unless specified in your booking and can carry an extra cost. Should you need to book them, please contact your point of sale prior to travelling.</DetailedDescription>
              </TransferBulletPoint>
              <TransferBulletPoint id="DOMEST">
                <Description>Domestic arrivals</Description>
                <DetailedDescription>Domestic arrivals: Journeys made within the borders of the same country or European airspace (Schengen) or from Schengen space to any of these countries: Bulgaria, Cyprus, Croatia, Ireland, United Kingdom and Romania. Passengers do not have to go through customs controll</DetailedDescription>
              </TransferBulletPoint>
            </GenericTransferGuidelinesList>
            <MaximumWaitingTimeSupplierDomestic time="60">minutes</MaximumWaitingTimeSupplierDomestic>
            <MaximumWaitingTimeSupplierInternational time="90">minutes</MaximumWaitingTimeSupplierInternational>
          </TransferSpecificContent>
        </TransferInfo>
        <Paxes>
          <AdultCount>2</AdultCount>
          <ChildCount>1</ChildCount>
          <GuestList>
            <Customer type="CH">
              <CustomerId>1</CustomerId>
              <Age>6</Age>
              <Name>Added Customer0</Name>
              <LastName>Added Customer0</LastName>
            </Customer>
            <Customer type="AD">
              <CustomerId>2</CustomerId>
              <Age>30</Age>
            </Customer>
            <Customer type="AD">
              <CustomerId>3</CustomerId>
              <Age>30</Age>
            </Customer>
          </GuestList>
        </Paxes>
        <PickupLocation xsi:type="ProductTransferTerminal">
          <Code>TRALC</Code>
          <Name>Alicante, Train Station</Name>
          <TransferZone xsi:type="ProductZone">
            <Code>TREN ALICA</Code>
          </TransferZone>
          <Country code="ES">
            <Name>Spain</Name>
          </Country>
          <TerminalType>T</TerminalType>
        </PickupLocation>
        <DestinationLocation xsi:type="ProductTransferHotel">
          <Code>271963</Code>
          <Name>Caballo De Oro</Name>
          <TransferZone xsi:type="ProductZone">
            <Code>BENIDORM</Code>
          </TransferZone>
        </DestinationLocation>
        <ComissionPercentage>10.000</ComissionPercentage>
        <RetailPrice>90.490</RetailPrice>
        <ComissionVAT>0</ComissionVAT>
        <ProductSpecifications>
          <MasterServiceType code="PRVT" name="Private"/>
          <MasterProductType code="PRM" name="Premium"/>
          <MasterVehicleType code="CR" name="Car"/>
          <TransferGeneralInfoList>
            <TransferBulletPoint id="ER" order="1">
              <Description>Exclusive ride for you</Description>
            </TransferBulletPoint>
            <TransferBulletPoint id="DTDS" order="2">
              <Description>Door to door service</Description>
            </TransferBulletPoint>
            <TransferBulletPoint id="AV247" order="3">
              <Description>Available 24/7</Description>
            </TransferBulletPoint>
            <TransferBulletPoint id="M&amp;GS" order="4">
              <Description>Meet &amp; Greet service</Description>
            </TransferBulletPoint>
            <TransferBulletPoint id="BAHB" order="11">
              <Description>1 item of hand baggage allowed per person</Description>
            </TransferBulletPoint>
            <TransferBulletPoint id="BA" order="12">
              <Description>1 piece of baggage allowed per person ( max.dimensions 158cm) length+width+height=158cm</Description>
            </TransferBulletPoint>
          </TransferGeneralInfoList>
        </ProductSpecifications>
        <TransferPickupTime date="20180831" time="1200"/>
        <TransferPickupInformation>
          <Description>Once you have collected your luggage, a staff member will be waiting for you at the Arrivals Hall with a sign with your name on it. If you are unable to locate the driver/agent, please call DESTINATION SERVICES on +34 971 922 694 .Languages spoken at the call centre: English, Spanish. Please do not leave the pick-up area without having contacted the agent/driver first.</Description>
        </TransferPickupInformation>
        <ArrivalTravelInfo>
          <DepartInfo xsi:type="ProductTransferTerminal"/>
          <ArrivalInfo xsi:type="ProductTransferTerminal">
            <Code>TRALC</Code>
            <Name>Alicante, Train Station</Name>
            <DateTime date="20180831" time="1500"/>
            <Country code="ES">
              <Name>Spain</Name>
            </Country>
            <TerminalType>T</TerminalType>
          </ArrivalInfo>
        </ArrivalTravelInfo>
        <DepartureTravelInfo/>
        <CancellationPolicies>
          <CancellationPolicy amount="90.490" dateFrom="20180829" time="2359"/>
        </CancellationPolicies>
      </Service>
      <Service xsi:type="ServiceTransfer" transferType="OUT" SPUI="57#T#2">
        <Status>NEW</Status>
        <ContractList>
          <Contract>
            <Name>COST TAB P B18</Name>
            <IncomingOffice code="57"/>
            <Sequence>139098</Sequence>
          </Contract>
        </ContractList>
        <Supplier name="HOTELBEDS SPAIN, S.L.U" vatNumber="ESB28916765"/>
        <DateFrom date="20180830"/>
        <Currency code="USD">US Dollar</Currency>
        <TotalAmount>90.490</TotalAmount>
        <NetPrice>81.440</NetPrice>
        <Commission>9.050</Commission>
        <SellingPrice mandatory="Y">90.490</SellingPrice>
        <AdditionalCostList>
          <AdditionalCost type="AG_COMMISSION">
            <Price>
              <Amount>9.050</Amount>
            </Price>
          </AdditionalCost>
          <AdditionalCost type="COMMISSION_VAT">
            <Price>
              <Amount>0.000</Amount>
            </Price>
          </AdditionalCost>
          <AdditionalCost type="COMMISSION_PCT">
            <Price>
              <Amount>10.000</Amount>
            </Price>
          </AdditionalCost>
        </AdditionalCostList>
        <ModificationPolicyList>
          <ModificationPolicy>Cancellation</ModificationPolicy>
          <ModificationPolicy>Confirmation</ModificationPolicy>
          <ModificationPolicy>Modification</ModificationPolicy>
        </ModificationPolicyList>
        <TransferInfo xsi:type="ProductTransfer">
          <Code>57#T#2</Code>
          <DescriptionList>
            <Description type="GENERAL" languageCode="ENG">Private hire with driver</Description>
            <Description type="PRODUCT" languageCode="ENG">Premium product type</Description>
            <Description type="VEHICLE" languageCode="ENG">Car</Description>
          </DescriptionList>
          <ImageList>
            <Image>
              <Type>S</Type>
              <Url>http://media.stage.activitiesbank.com/giata/transfers/TRD/small/prvt-prm-cr.png</Url>
            </Image>
            <Image>
              <Type>M</Type>
              <Url>http://media.stage.activitiesbank.com/giata/transfers/TRD/medium/prvt-prm-cr.png</Url>
            </Image>
            <Image>
              <Type>L</Type>
              <Url>http://media.stage.activitiesbank.com/giata/transfers/TRD/large/prvt-prm-cr.png</Url>
            </Image>
            <Image>
              <Type>XL</Type>
              <Url>http://media.stage.activitiesbank.com/giata/transfers/TRD/extralarge/prvt-prm-cr.png</Url>
            </Image>
          </ImageList>
          <Type code="P"/>
          <VehicleType code="C"/>
          <TransferSpecificContent id="1321">
            <GenericTransferGuidelinesList>
              <TransferBulletPoint id="LGPR">
                <Description>LUGGAGE PROBLEMS</Description>
                <DetailedDescription>In the event of a delay on your flight or a problem with customs or luggage,  please call the emergency number in order to advise of the delay and take the necessary steps.</DetailedDescription>
              </TransferBulletPoint>
              <TransferBulletPoint id="CHIN">
                <Description>CHECK INFORMATION</Description>
                <DetailedDescription>If the details do not correspond with the reservation, please contact your agency immediately.</DetailedDescription>
              </TransferBulletPoint>
              <TransferBulletPoint id="DRVR">
                <Description>CAN'T FIND DRIVER</Description>
                <DetailedDescription>In the event of being unable to locate the driver, please call the emergency number indicated in this voucher.</DetailedDescription>
              </TransferBulletPoint>
              <TransferBulletPoint id="CBBS">
                <Description>CHILDBOOSTER / BABY SEAT</Description>
                <DetailedDescription>Child car seats and boosters are not included unless specified in your booking and can carry an extra cost. Should you need to book them, please contact your point of sale prior to travelling.</DetailedDescription>
              </TransferBulletPoint>
            </GenericTransferGuidelinesList>
            <MaximumWaitingTime time="30">minutes</MaximumWaitingTime>
            <MaximumWaitingTimeSupplierDomestic time="15">minutes</MaximumWaitingTimeSupplierDomestic>
          </TransferSpecificContent>
        </TransferInfo>
        <Paxes>
          <AdultCount>2</AdultCount>
          <ChildCount>1</ChildCount>
          <GuestList>
            <Customer type="CH">
              <CustomerId>4</CustomerId>
              <Age>6</Age>
              <Name>Added Customer0</Name>
              <LastName>Added Customer0</LastName>
            </Customer>
            <Customer type="AD">
              <CustomerId>5</CustomerId>
              <Age>30</Age>
            </Customer>
            <Customer type="AD">
              <CustomerId>6</CustomerId>
              <Age>30</Age>
            </Customer>
          </GuestList>
        </Paxes>
        <PickupLocation xsi:type="ProductTransferHotel">
          <Code>271963</Code>
          <Name>Caballo De Oro</Name>
          <TransferZone xsi:type="ProductZone">
            <Code>BENIDORM</Code>
          </TransferZone>
        </PickupLocation>
        <DestinationLocation xsi:type="ProductTransferTerminal">
          <Code>TRALC</Code>
          <Name>Alicante, Train Station</Name>
          <TransferZone xsi:type="ProductZone">
            <Code>TREN ALICA</Code>
          </TransferZone>
          <Country code="ES">
            <Name>Spain</Name>
          </Country>
          <TerminalType>T</TerminalType>
        </DestinationLocation>
        <ComissionPercentage>10.000</ComissionPercentage>
        <RetailPrice>90.490</RetailPrice>
        <ComissionVAT>0</ComissionVAT>
        <EstimatedTransferDuration>60</EstimatedTransferDuration>
        <ProductSpecifications>
          <MasterServiceType code="PRVT" name="Private"/>
          <MasterProductType code="PRM" name="Premium"/>
          <MasterVehicleType code="CR" name="Car"/>
          <TransferGeneralInfoList>
            <TransferBulletPoint id="ER" order="1">
              <Description>Exclusive ride for you</Description>
            </TransferBulletPoint>
            <TransferBulletPoint id="DTDS" order="2">
              <Description>Door to door service</Description>
            </TransferBulletPoint>
            <TransferBulletPoint id="AV247" order="3">
              <Description>Available 24/7</Description>
            </TransferBulletPoint>
            <TransferBulletPoint id="M&amp;GS" order="4">
              <Description>Meet &amp; Greet service</Description>
            </TransferBulletPoint>
            <TransferBulletPoint id="BAHB" order="11">
              <Description>1 item of hand baggage allowed per person</Description>
            </TransferBulletPoint>
            <TransferBulletPoint id="BA" order="12">
              <Description>1 piece of baggage allowed per person ( max.dimensions 158cm) length+width+height=158cm</Description>
            </TransferBulletPoint>
          </TransferGeneralInfoList>
        </ProductSpecifications>
        <TransferPickupTime date="20180830" time="1000"/>
        <TransferPickupInformation>
          <Description>You will be picked up outside the hotel entrance.If you are unable to locate the driver/agent, please call DESTINATION SERVICES on +34 971 922 694 .Languages spoken at the call centre: English, Spanish. Please do not leave the pick-up area without having contacted the agent/driver first.</Description>
        </TransferPickupInformation>
        <ArrivalTravelInfo/>
        <DepartureTravelInfo>
          <DepartInfo xsi:type="ProductTransferTerminal">
            <Code>TRALC</Code>
            <Name>Alicante, Train Station</Name>
            <DateTime date="20180830" time="1500"/>
            <Country code="ES">
              <Name>Spain</Name>
            </Country>
            <TerminalType>T</TerminalType>
          </DepartInfo>
          <ArrivalInfo xsi:type="ProductTransferTerminal"/>
        </DepartureTravelInfo>
        <CancellationPolicies>
          <CancellationPolicy amount="90.490" dateFrom="20180828" time="2359"/>
        </CancellationPolicies>
      </Service>
    </ServiceList>
    <Currency code="USD"/>
    <PaymentData>
      <PaymentType code="C"/>
      <InvoiceCompany/>
      <Description>UNKNOWN</Description>
    </PaymentData>
    <TotalPrice>180.980</TotalPrice>
    <PendingAmount>162.880</PendingAmount>
  </Purchase>
</ServiceAddRS>
