<?xml version="1.0"?>
<TransferValuedAvailRS xmlns="http://www.hotelbeds.com/schemas/2005/06/messages" xmlns:xsi="http://www.w3.org/2001/XMLSchema-instance" xsi:schemaLocation="http://www.hotelbeds.com/schemas/2005/06/messages TransferValuedAvailRS.xsd" totalItems="5" echoToken="Golden1527619986car">
  <AuditData>
    <ProcessTime>2444</ProcessTime>
    <Timestamp>2018-05-29 21:07:58.731</Timestamp>
    <RequestHost>199.79.62.63</RequestHost>
    <ServerName>CERT</ServerName>
    <ServerId>01</ServerId>
    <SchemaRelease>2005/06</SchemaRelease>
    <HydraCoreRelease>4.18.2.20180513#FO#0</HydraCoreRelease>
    <HydraEnumerationsRelease>2#2a609ceee582#000</HydraEnumerationsRelease>
    <MerlinRelease>0</MerlinRelease>
  </AuditData>
  <ServiceTransfer xsi:type="ServiceTransfer" transferType="OUT" availToken="8k4A1oR3R5nUaJm4mtCWbg==">
    <ContractList>
      <Contract>
        <Name>TAB-SHU-BENT-S</Name>
        <IncomingOffice code="57"/>
      </Contract>
    </ContractList>
    <DateFrom date="20180830" time="1200"/>
    <Currency code="USD"/>
    <TotalAmount>45.330</TotalAmount>
    <NetPrice>40.800</NetPrice>
    <Commission>4.530</Commission>
    <SellingPrice mandatory="Y">45.330</SellingPrice>
    <TransferInfo xsi:type="ProductTransfer">
      <Code>0|0|0</Code>
      <DescriptionList>
        <Description type="GENERAL" languageCode="ENG">With other passengers</Description>
        <Description type="PRODUCT" languageCode="ENG">Standard product type</Description>
        <Description type="VEHICLE" languageCode="ENG">Bus</Description>
      </DescriptionList>
      <ImageList>
        <Image>
          <Type>S</Type>
          <Url>http://media.stage.activitiesbank.com/giata/transfers/TRD/small/shrd-stnd-bs.png</Url>
        </Image>
        <Image>
          <Type>M</Type>
          <Url>http://media.stage.activitiesbank.com/giata/transfers/TRD/medium/shrd-stnd-bs.png</Url>
        </Image>
        <Image>
          <Type>L</Type>
          <Url>http://media.stage.activitiesbank.com/giata/transfers/TRD/large/shrd-stnd-bs.png</Url>
        </Image>
        <Image>
          <Type>XL</Type>
          <Url>http://media.stage.activitiesbank.com/giata/transfers/TRD/extralarge/shrd-stnd-bs.png</Url>
        </Image>
      </ImageList>
      <Type code="B"/>
      <VehicleType code="S"/>
      <TransferSpecificContent id="1440">
        <GenericTransferGuidelinesList>
          <TransferBulletPoint id="CHIN">
            <Description>CHECK INFORMATION</Description>
            <DetailedDescription>If the details do not correspond with the reservation, please contact your agency immediately.</DetailedDescription>
          </TransferBulletPoint>
          <TransferBulletPoint id="CBBS">
            <Description>CHILDBOOSTER / BABY SEAT</Description>
            <DetailedDescription>Child car seats and boosters are not included unless specified in your booking and can carry an extra cost. Should you need to book them, please contact your point of sale prior to travelling.</DetailedDescription>
          </TransferBulletPoint>
          <TransferBulletPoint id="DRVR">
            <Description>CAN'T FIND DRIVER</Description>
            <DetailedDescription>In the event of being unable to locate the driver, please call the emergency number indicated in this voucher.</DetailedDescription>
          </TransferBulletPoint>
        </GenericTransferGuidelinesList>
        <MaximumWaitingTime time="30">minutes</MaximumWaitingTime>
        <MaximumWaitingTimeSupplierDomestic time="5">minutes</MaximumWaitingTimeSupplierDomestic>
      </TransferSpecificContent>
    </TransferInfo>
    <Paxes>
      <AdultCount>2</AdultCount>
      <ChildCount>1</ChildCount>
    </Paxes>
    <PickupLocation xsi:type="ProductTransferHotel">
      <Code>271963</Code>
      <Name>Caballo De Oro</Name>
      <TransferZone xsi:type="ProductZone">
        <Code>BENIDORM</Code>
      </TransferZone>
    </PickupLocation>
    <DestinationLocation xsi:type="ProductTransferTerminal">
      <Code>TRALC</Code>
      <Name>Alicante, Train Station</Name>
      <TransferZone xsi:type="ProductZone">
        <Code>TREN ALICA</Code>
      </TransferZone>
      <TerminalType>T</TerminalType>
    </DestinationLocation>
    <ComissionPercentage>10.000</ComissionPercentage>
    <RetailPrice>45.330</RetailPrice>
    <ComissionVAT>0.000</ComissionVAT>
    <ProductSpecifications>
      <MasterServiceType code="SHRD" name="Shared - Shuttle"/>
      <MasterProductType code="STND" name="Standard"/>
      <MasterVehicleType code="BS" name="Bus"/>
      <TransferGeneralInfoList>
        <TransferBulletPoint xsi:type="TransferBulletPointNumber" id="MST" order="3">
          <Description>Maximum</Description>
          <Value>13</Value>
          <Metric>stops</Metric>
        </TransferBulletPoint>
        <TransferBulletPoint id="BAHB" order="10">
          <Description>1 item of hand baggage allowed per person</Description>
        </TransferBulletPoint>
        <TransferBulletPoint id="BA" order="12">
          <Description>1 piece of baggage allowed per person ( max.dimensions 158cm) length+width+height=158cm</Description>
        </TransferBulletPoint>
      </TransferGeneralInfoList>
    </ProductSpecifications>
    <TransferPickupInformation>
      <Description>You will be picked up outside the hotel entrance.If you are unable to locate the driver/agent, please call DESTINATION SERVICES on +34 971 922 694 .Languages spoken at the call centre: English, Spanish. Please do not leave the pick-up area without having contacted the agent/driver first.</Description>
    </TransferPickupInformation>
    <DepartureTravelInfo>
      <DepartInfo xsi:type="ProductTransferTerminal">
        <Code>TRALC</Code>
        <Name>Alicante, Train Station</Name>
        <TransferZone xsi:type="ProductZone">
          <Code>TREN ALICA</Code>
        </TransferZone>
        <DateTime date="20180830" time="1500"/>
        <TerminalType>T</TerminalType>
      </DepartInfo>
    </DepartureTravelInfo>
  </ServiceTransfer>
  <ServiceTransfer xsi:type="ServiceTransfer" transferType="OUT" availToken="8k4A1oR3R5nUaJm4mtCWbg==">
    <ContractList>
      <Contract>
        <Name>COST TAB P B18</Name>
        <IncomingOffice code="57"/>
      </Contract>
    </ContractList>
    <DateFrom date="20180830" time="1200"/>
    <Currency code="USD"/>
    <TotalAmount>90.490</TotalAmount>
    <NetPrice>81.440</NetPrice>
    <Commission>9.050</Commission>
    <SellingPrice mandatory="Y">90.490</SellingPrice>
    <TransferInfo xsi:type="ProductTransfer">
      <Code>0|0|1</Code>
      <DescriptionList>
        <Description type="GENERAL" languageCode="ENG">Private hire with driver</Description>
        <Description type="PRODUCT" languageCode="ENG">Premium product type</Description>
        <Description type="VEHICLE" languageCode="ENG">Car</Description>
      </DescriptionList>
      <ImageList>
        <Image>
          <Type>S</Type>
          <Url>http://media.stage.activitiesbank.com/giata/transfers/TRD/small/prvt-prm-cr.png</Url>
        </Image>
        <Image>
          <Type>M</Type>
          <Url>http://media.stage.activitiesbank.com/giata/transfers/TRD/medium/prvt-prm-cr.png</Url>
        </Image>
        <Image>
          <Type>L</Type>
          <Url>http://media.stage.activitiesbank.com/giata/transfers/TRD/large/prvt-prm-cr.png</Url>
        </Image>
        <Image>
          <Type>XL</Type>
          <Url>http://media.stage.activitiesbank.com/giata/transfers/TRD/extralarge/prvt-prm-cr.png</Url>
        </Image>
      </ImageList>
      <Type code="P"/>
      <VehicleType code="C"/>
      <TransferSpecificContent id="1321">
        <GenericTransferGuidelinesList>
          <TransferBulletPoint id="LGPR">
            <Description>LUGGAGE PROBLEMS</Description>
            <DetailedDescription>In the event of a delay on your flight or a problem with customs or luggage,  please call the emergency number in order to advise of the delay and take the necessary steps.</DetailedDescription>
          </TransferBulletPoint>
          <TransferBulletPoint id="CHIN">
            <Description>CHECK INFORMATION</Description>
            <DetailedDescription>If the details do not correspond with the reservation, please contact your agency immediately.</DetailedDescription>
          </TransferBulletPoint>
          <TransferBulletPoint id="DRVR">
            <Description>CAN'T FIND DRIVER</Description>
            <DetailedDescription>In the event of being unable to locate the driver, please call the emergency number indicated in this voucher.</DetailedDescription>
          </TransferBulletPoint>
          <TransferBulletPoint id="CBBS">
            <Description>CHILDBOOSTER / BABY SEAT</Description>
            <DetailedDescription>Child car seats and boosters are not included unless specified in your booking and can carry an extra cost. Should you need to book them, please contact your point of sale prior to travelling.</DetailedDescription>
          </TransferBulletPoint>
        </GenericTransferGuidelinesList>
        <MaximumWaitingTime time="30">minutes</MaximumWaitingTime>
        <MaximumWaitingTimeSupplierDomestic time="15">minutes</MaximumWaitingTimeSupplierDomestic>
      </TransferSpecificContent>
    </TransferInfo>
    <Paxes>
      <AdultCount>2</AdultCount>
      <ChildCount>1</ChildCount>
    </Paxes>
    <PickupLocation xsi:type="ProductTransferHotel">
      <Code>271963</Code>
      <Name>Caballo De Oro</Name>
      <TransferZone xsi:type="ProductZone">
        <Code>BENIDORM</Code>
      </TransferZone>
    </PickupLocation>
    <DestinationLocation xsi:type="ProductTransferTerminal">
      <Code>TRALC</Code>
      <Name>Alicante, Train Station</Name>
      <TransferZone xsi:type="ProductZone">
        <Code>TREN ALICA</Code>
      </TransferZone>
      <TerminalType>T</TerminalType>
    </DestinationLocation>
    <ComissionPercentage>10.000</ComissionPercentage>
    <RetailPrice>90.490</RetailPrice>
    <ComissionVAT>0.000</ComissionVAT>
    <EstimatedTransferDuration>60</EstimatedTransferDuration>
    <ProductSpecifications>
      <MasterServiceType code="PRVT" name="Private"/>
      <MasterProductType code="PRM" name="Premium"/>
      <MasterVehicleType code="CR" name="Car"/>
      <TransferGeneralInfoList>
        <TransferBulletPoint id="ER" order="1">
          <Description>Exclusive ride for you</Description>
        </TransferBulletPoint>
        <TransferBulletPoint id="DTDS" order="2">
          <Description>Door to door service</Description>
        </TransferBulletPoint>
        <TransferBulletPoint id="AV247" order="3">
          <Description>Available 24/7</Description>
        </TransferBulletPoint>
        <TransferBulletPoint id="M&amp;GS" order="4">
          <Description>Meet &amp; Greet service</Description>
        </TransferBulletPoint>
        <TransferBulletPoint id="BAHB" order="11">
          <Description>1 item of hand baggage allowed per person</Description>
        </TransferBulletPoint>
        <TransferBulletPoint id="BA" order="12">
          <Description>1 piece of baggage allowed per person ( max.dimensions 158cm) length+width+height=158cm</Description>
        </TransferBulletPoint>
      </TransferGeneralInfoList>
    </ProductSpecifications>
    <TransferPickupInformation>
      <Description>You will be picked up outside the hotel entrance.If you are unable to locate the driver/agent, please call DESTINATION SERVICES on +34 971 922 694 .Languages spoken at the call centre: English, Spanish. Please do not leave the pick-up area without having contacted the agent/driver first.</Description>
    </TransferPickupInformation>
    <DepartureTravelInfo>
      <DepartInfo xsi:type="ProductTransferTerminal">
        <Code>TRALC</Code>
        <Name>Alicante, Train Station</Name>
        <TransferZone xsi:type="ProductZone">
          <Code>TREN ALICA</Code>
        </TransferZone>
        <DateTime date="20180830" time="1500"/>
        <TerminalType>T</TerminalType>
      </DepartInfo>
    </DepartureTravelInfo>
  </ServiceTransfer>
  <ServiceTransfer xsi:type="ServiceTransfer" transferType="OUT" availToken="8k4A1oR3R5nUaJm4mtCWbg==">
    <ContractList>
      <Contract>
        <Name>COST TAB PB18</Name>
        <IncomingOffice code="57"/>
      </Contract>
    </ContractList>
    <DateFrom date="20180830" time="1200"/>
    <Currency code="USD"/>
    <TotalAmount>123.260</TotalAmount>
    <NetPrice>110.930</NetPrice>
    <Commission>12.330</Commission>
    <SellingPrice mandatory="Y">123.260</SellingPrice>
    <TransferInfo xsi:type="ProductTransfer">
      <Code>0|0|2</Code>
      <DescriptionList>
        <Description type="GENERAL" languageCode="ENG">Private hire with driver</Description>
        <Description type="PRODUCT" languageCode="ENG">Premium product type</Description>
        <Description type="VEHICLE" languageCode="ENG">Minivan</Description>
      </DescriptionList>
      <ImageList>
        <Image>
          <Type>S</Type>
          <Url>http://media.stage.activitiesbank.com/giata/transfers/TRD/small/prvt-prm-mv.png</Url>
        </Image>
        <Image>
          <Type>M</Type>
          <Url>http://media.stage.activitiesbank.com/giata/transfers/TRD/medium/prvt-prm-mv.png</Url>
        </Image>
        <Image>
          <Type>L</Type>
          <Url>http://media.stage.activitiesbank.com/giata/transfers/TRD/large/prvt-prm-mv.png</Url>
        </Image>
        <Image>
          <Type>XL</Type>
          <Url>http://media.stage.activitiesbank.com/giata/transfers/TRD/extralarge/prvt-prm-mv.png</Url>
        </Image>
      </ImageList>
      <Type code="P"/>
      <VehicleType code="V"/>
      <TransferSpecificContent id="1321">
        <GenericTransferGuidelinesList>
          <TransferBulletPoint id="LGPR">
            <Description>LUGGAGE PROBLEMS</Description>
            <DetailedDescription>In the event of a delay on your flight or a problem with customs or luggage,  please call the emergency number in order to advise of the delay and take the necessary steps.</DetailedDescription>
          </TransferBulletPoint>
          <TransferBulletPoint id="CHIN">
            <Description>CHECK INFORMATION</Description>
            <DetailedDescription>If the details do not correspond with the reservation, please contact your agency immediately.</DetailedDescription>
          </TransferBulletPoint>
          <TransferBulletPoint id="DRVR">
            <Description>CAN'T FIND DRIVER</Description>
            <DetailedDescription>In the event of being unable to locate the driver, please call the emergency number indicated in this voucher.</DetailedDescription>
          </TransferBulletPoint>
          <TransferBulletPoint id="CBBS">
            <Description>CHILDBOOSTER / BABY SEAT</Description>
            <DetailedDescription>Child car seats and boosters are not included unless specified in your booking and can carry an extra cost. Should you need to book them, please contact your point of sale prior to travelling.</DetailedDescription>
          </TransferBulletPoint>
        </GenericTransferGuidelinesList>
        <MaximumWaitingTime time="30">minutes</MaximumWaitingTime>
        <MaximumWaitingTimeSupplierDomestic time="15">minutes</MaximumWaitingTimeSupplierDomestic>
      </TransferSpecificContent>
    </TransferInfo>
    <Paxes>
      <AdultCount>2</AdultCount>
      <ChildCount>1</ChildCount>
    </Paxes>
    <PickupLocation xsi:type="ProductTransferHotel">
      <Code>271963</Code>
      <Name>Caballo De Oro</Name>
      <TransferZone xsi:type="ProductZone">
        <Code>BENIDORM</Code>
      </TransferZone>
    </PickupLocation>
    <DestinationLocation xsi:type="ProductTransferTerminal">
      <Code>TRALC</Code>
      <Name>Alicante, Train Station</Name>
      <TransferZone xsi:type="ProductZone">
        <Code>TREN ALICA</Code>
      </TransferZone>
      <TerminalType>T</TerminalType>
    </DestinationLocation>
    <ComissionPercentage>10.000</ComissionPercentage>
    <RetailPrice>123.260</RetailPrice>
    <ComissionVAT>0.000</ComissionVAT>
    <EstimatedTransferDuration>60</EstimatedTransferDuration>
    <ProductSpecifications>
      <MasterServiceType code="PRVT" name="Private"/>
      <MasterProductType code="PRM" name="Premium"/>
      <MasterVehicleType code="MV" name="Minivan"/>
      <TransferGeneralInfoList>
        <TransferBulletPoint id="ER" order="1">
          <Description>Exclusive ride for you</Description>
        </TransferBulletPoint>
        <TransferBulletPoint id="DTDS" order="2">
          <Description>Door to door service</Description>
        </TransferBulletPoint>
        <TransferBulletPoint id="AV247" order="3">
          <Description>Available 24/7</Description>
        </TransferBulletPoint>
        <TransferBulletPoint id="M&amp;GS" order="4">
          <Description>Meet &amp; Greet service</Description>
        </TransferBulletPoint>
        <TransferBulletPoint id="BAHB" order="11">
          <Description>1 item of hand baggage allowed per person</Description>
        </TransferBulletPoint>
        <TransferBulletPoint id="BA" order="12">
          <Description>1 piece of baggage allowed per person ( max.dimensions 158cm) length+width+height=158cm</Description>
        </TransferBulletPoint>
      </TransferGeneralInfoList>
    </ProductSpecifications>
    <TransferPickupInformation>
      <Description>You will be picked up outside the hotel entrance.If you are unable to locate the driver/agent, please call DESTINATION SERVICES on +34 971 922 694 .Languages spoken at the call centre: English, Spanish. Please do not leave the pick-up area without having contacted the agent/driver first.</Description>
    </TransferPickupInformation>
    <DepartureTravelInfo>
      <DepartInfo xsi:type="ProductTransferTerminal">
        <Code>TRALC</Code>
        <Name>Alicante, Train Station</Name>
        <TransferZone xsi:type="ProductZone">
          <Code>TREN ALICA</Code>
        </TransferZone>
        <DateTime date="20180830" time="1500"/>
        <TerminalType>T</TerminalType>
      </DepartInfo>
    </DepartureTravelInfo>
  </ServiceTransfer>
  <ServiceTransfer xsi:type="ServiceTransfer" transferType="IN" availToken="8k4A1oR3R5nUaJm4mtCWbg==">
    <ContractList>
      <Contract>
        <Name>COST TAB P B18</Name>
        <IncomingOffice code="57"/>
      </Contract>
    </ContractList>
    <DateFrom date="20180831" time="1200"/>
    <Currency code="USD"/>
    <TotalAmount>90.490</TotalAmount>
    <NetPrice>81.440</NetPrice>
    <Commission>9.050</Commission>
    <SellingPrice mandatory="Y">90.490</SellingPrice>
    <TransferInfo xsi:type="ProductTransfer">
      <Code>1|0|0</Code>
      <DescriptionList>
        <Description type="GENERAL" languageCode="ENG">Private hire with driver</Description>
        <Description type="PRODUCT" languageCode="ENG">Premium product type</Description>
        <Description type="VEHICLE" languageCode="ENG">Car</Description>
      </DescriptionList>
      <ImageList>
        <Image>
          <Type>S</Type>
          <Url>http://media.stage.activitiesbank.com/giata/transfers/TRD/small/prvt-prm-cr.png</Url>
        </Image>
        <Image>
          <Type>M</Type>
          <Url>http://media.stage.activitiesbank.com/giata/transfers/TRD/medium/prvt-prm-cr.png</Url>
        </Image>
        <Image>
          <Type>L</Type>
          <Url>http://media.stage.activitiesbank.com/giata/transfers/TRD/large/prvt-prm-cr.png</Url>
        </Image>
        <Image>
          <Type>XL</Type>
          <Url>http://media.stage.activitiesbank.com/giata/transfers/TRD/extralarge/prvt-prm-cr.png</Url>
        </Image>
      </ImageList>
      <Type code="P"/>
      <VehicleType code="C"/>
      <TransferSpecificContent id="1321">
        <GenericTransferGuidelinesList>
          <TransferBulletPoint id="LGPR">
            <Description>LUGGAGE PROBLEMS</Description>
            <DetailedDescription>In the event of a delay on your flight or a problem with customs or luggage,  please call the emergency number in order to advise of the delay and take the necessary steps.</DetailedDescription>
          </TransferBulletPoint>
          <TransferBulletPoint id="CHIN">
            <Description>CHECK INFORMATION</Description>
            <DetailedDescription>If the details do not correspond with the reservation, please contact your agency immediately.</DetailedDescription>
          </TransferBulletPoint>
          <TransferBulletPoint id="SPLU">
            <Description>SPECIAL LUGGAGE</Description>
            <DetailedDescription>In the event of extra luggage or sport equipment being checked in, please contact us, as this may carry an extra charge.</DetailedDescription>
          </TransferBulletPoint>
          <TransferBulletPoint id="DRVR">
            <Description>CAN'T FIND DRIVER</Description>
            <DetailedDescription>In the event of being unable to locate the driver, please call the emergency number indicated in this voucher.</DetailedDescription>
          </TransferBulletPoint>
          <TransferBulletPoint id="CBBS">
            <Description>CHILDBOOSTER / BABY SEAT</Description>
            <DetailedDescription>Child car seats and boosters are not included unless specified in your booking and can carry an extra cost. Should you need to book them, please contact your point of sale prior to travelling.</DetailedDescription>
          </TransferBulletPoint>
          <TransferBulletPoint id="DOMEST">
            <Description>Domestic arrivals</Description>
            <DetailedDescription>Domestic arrivals: Journeys made within the borders of the same country or European airspace (Schengen) or from Schengen space to any of these countries: Bulgaria, Cyprus, Croatia, Ireland, United Kingdom and Romania. Passengers do not have to go through customs controll</DetailedDescription>
          </TransferBulletPoint>
        </GenericTransferGuidelinesList>
        <MaximumWaitingTimeSupplierDomestic time="60">minutes</MaximumWaitingTimeSupplierDomestic>
        <MaximumWaitingTimeSupplierInternational time="90">minutes</MaximumWaitingTimeSupplierInternational>
      </TransferSpecificContent>
    </TransferInfo>
    <Paxes>
      <AdultCount>2</AdultCount>
      <ChildCount>1</ChildCount>
    </Paxes>
    <PickupLocation xsi:type="ProductTransferTerminal">
      <Code>TRALC</Code>
      <Name>Alicante, Train Station</Name>
      <TransferZone xsi:type="ProductZone">
        <Code>TREN ALICA</Code>
      </TransferZone>
      <TerminalType>T</TerminalType>
    </PickupLocation>
    <DestinationLocation xsi:type="ProductTransferHotel">
      <Code>271963</Code>
      <Name>Caballo De Oro</Name>
      <TransferZone xsi:type="ProductZone">
        <Code>BENIDORM</Code>
      </TransferZone>
    </DestinationLocation>
    <ComissionPercentage>10.000</ComissionPercentage>
    <RetailPrice>90.490</RetailPrice>
    <ComissionVAT>0.000</ComissionVAT>
    <ProductSpecifications>
      <MasterServiceType code="PRVT" name="Private"/>
      <MasterProductType code="PRM" name="Premium"/>
      <MasterVehicleType code="CR" name="Car"/>
      <TransferGeneralInfoList>
        <TransferBulletPoint id="ER" order="1">
          <Description>Exclusive ride for you</Description>
        </TransferBulletPoint>
        <TransferBulletPoint id="DTDS" order="2">
          <Description>Door to door service</Description>
        </TransferBulletPoint>
        <TransferBulletPoint id="AV247" order="3">
          <Description>Available 24/7</Description>
        </TransferBulletPoint>
        <TransferBulletPoint id="M&amp;GS" order="4">
          <Description>Meet &amp; Greet service</Description>
        </TransferBulletPoint>
        <TransferBulletPoint id="BAHB" order="11">
          <Description>1 item of hand baggage allowed per person</Description>
        </TransferBulletPoint>
        <TransferBulletPoint id="BA" order="12">
          <Description>1 piece of baggage allowed per person ( max.dimensions 158cm) length+width+height=158cm</Description>
        </TransferBulletPoint>
      </TransferGeneralInfoList>
    </ProductSpecifications>
    <TransferPickupInformation>
      <Description>Once you have collected your luggage, a staff member will be waiting for you at the Arrivals Hall with a sign with your name on it. If you are unable to locate the driver/agent, please call DESTINATION SERVICES on +34 971 922 694 .Languages spoken at the call centre: English, Spanish. Please do not leave the pick-up area without having contacted the agent/driver first.</Description>
    </TransferPickupInformation>
    <ArrivalTravelInfo>
      <ArrivalInfo xsi:type="ProductTransferTerminal">
        <Code>TRALC</Code>
        <Name>Alicante, Train Station</Name>
        <TransferZone xsi:type="ProductZone">
          <Code>TREN ALICA</Code>
        </TransferZone>
        <DateTime date="20180831" time="1500"/>
        <TerminalType>T</TerminalType>
      </ArrivalInfo>
    </ArrivalTravelInfo>
  </ServiceTransfer>
  <ServiceTransfer xsi:type="ServiceTransfer" transferType="IN" availToken="8k4A1oR3R5nUaJm4mtCWbg==">
    <ContractList>
      <Contract>
        <Name>COST TAB PB18</Name>
        <IncomingOffice code="57"/>
      </Contract>
    </ContractList>
    <DateFrom date="20180831" time="1200"/>
    <Currency code="USD"/>
    <TotalAmount>123.260</TotalAmount>
    <NetPrice>110.930</NetPrice>
    <Commission>12.330</Commission>
    <SellingPrice mandatory="Y">123.260</SellingPrice>
    <TransferInfo xsi:type="ProductTransfer">
      <Code>1|0|1</Code>
      <DescriptionList>
        <Description type="GENERAL" languageCode="ENG">Private hire with driver</Description>
        <Description type="PRODUCT" languageCode="ENG">Premium product type</Description>
        <Description type="VEHICLE" languageCode="ENG">Minivan</Description>
      </DescriptionList>
      <ImageList>
        <Image>
          <Type>S</Type>
          <Url>http://media.stage.activitiesbank.com/giata/transfers/TRD/small/prvt-prm-mv.png</Url>
        </Image>
        <Image>
          <Type>M</Type>
          <Url>http://media.stage.activitiesbank.com/giata/transfers/TRD/medium/prvt-prm-mv.png</Url>
        </Image>
        <Image>
          <Type>L</Type>
          <Url>http://media.stage.activitiesbank.com/giata/transfers/TRD/large/prvt-prm-mv.png</Url>
        </Image>
        <Image>
          <Type>XL</Type>
          <Url>http://media.stage.activitiesbank.com/giata/transfers/TRD/extralarge/prvt-prm-mv.png</Url>
        </Image>
      </ImageList>
      <Type code="P"/>
      <VehicleType code="V"/>
      <TransferSpecificContent id="1321">
        <GenericTransferGuidelinesList>
          <TransferBulletPoint id="LGPR">
            <Description>LUGGAGE PROBLEMS</Description>
            <DetailedDescription>In the event of a delay on your flight or a problem with customs or luggage,  please call the emergency number in order to advise of the delay and take the necessary steps.</DetailedDescription>
          </TransferBulletPoint>
          <TransferBulletPoint id="CHIN">
            <Description>CHECK INFORMATION</Description>
            <DetailedDescription>If the details do not correspond with the reservation, please contact your agency immediately.</DetailedDescription>
          </TransferBulletPoint>
          <TransferBulletPoint id="SPLU">
            <Description>SPECIAL LUGGAGE</Description>
            <DetailedDescription>In the event of extra luggage or sport equipment being checked in, please contact us, as this may carry an extra charge.</DetailedDescription>
          </TransferBulletPoint>
          <TransferBulletPoint id="DRVR">
            <Description>CAN'T FIND DRIVER</Description>
            <DetailedDescription>In the event of being unable to locate the driver, please call the emergency number indicated in this voucher.</DetailedDescription>
          </TransferBulletPoint>
          <TransferBulletPoint id="CBBS">
            <Description>CHILDBOOSTER / BABY SEAT</Description>
            <DetailedDescription>Child car seats and boosters are not included unless specified in your booking and can carry an extra cost. Should you need to book them, please contact your point of sale prior to travelling.</DetailedDescription>
          </TransferBulletPoint>
          <TransferBulletPoint id="DOMEST">
            <Description>Domestic arrivals</Description>
            <DetailedDescription>Domestic arrivals: Journeys made within the borders of the same country or European airspace (Schengen) or from Schengen space to any of these countries: Bulgaria, Cyprus, Croatia, Ireland, United Kingdom and Romania. Passengers do not have to go through customs controll</DetailedDescription>
          </TransferBulletPoint>
        </GenericTransferGuidelinesList>
        <MaximumWaitingTimeSupplierDomestic time="60">minutes</MaximumWaitingTimeSupplierDomestic>
        <MaximumWaitingTimeSupplierInternational time="90">minutes</MaximumWaitingTimeSupplierInternational>
      </TransferSpecificContent>
    </TransferInfo>
    <Paxes>
      <AdultCount>2</AdultCount>
      <ChildCount>1</ChildCount>
    </Paxes>
    <PickupLocation xsi:type="ProductTransferTerminal">
      <Code>TRALC</Code>
      <Name>Alicante, Train Station</Name>
      <TransferZone xsi:type="ProductZone">
        <Code>TREN ALICA</Code>
      </TransferZone>
      <TerminalType>T</TerminalType>
    </PickupLocation>
    <DestinationLocation xsi:type="ProductTransferHotel">
      <Code>271963</Code>
      <Name>Caballo De Oro</Name>
      <TransferZone xsi:type="ProductZone">
        <Code>BENIDORM</Code>
      </TransferZone>
    </DestinationLocation>
    <ComissionPercentage>10.000</ComissionPercentage>
    <RetailPrice>123.260</RetailPrice>
    <ComissionVAT>0.000</ComissionVAT>
    <ProductSpecifications>
      <MasterServiceType code="PRVT" name="Private"/>
      <MasterProductType code="PRM" name="Premium"/>
      <MasterVehicleType code="MV" name="Minivan"/>
      <TransferGeneralInfoList>
        <TransferBulletPoint id="ER" order="1">
          <Description>Exclusive ride for you</Description>
        </TransferBulletPoint>
        <TransferBulletPoint id="DTDS" order="2">
          <Description>Door to door service</Description>
        </TransferBulletPoint>
        <TransferBulletPoint id="AV247" order="3">
          <Description>Available 24/7</Description>
        </TransferBulletPoint>
        <TransferBulletPoint id="M&amp;GS" order="4">
          <Description>Meet &amp; Greet service</Description>
        </TransferBulletPoint>
        <TransferBulletPoint id="BAHB" order="11">
          <Description>1 item of hand baggage allowed per person</Description>
        </TransferBulletPoint>
        <TransferBulletPoint id="BA" order="12">
          <Description>1 piece of baggage allowed per person ( max.dimensions 158cm) length+width+height=158cm</Description>
        </TransferBulletPoint>
      </TransferGeneralInfoList>
    </ProductSpecifications>
    <TransferPickupInformation>
      <Description>Once you have collected your luggage, a staff member will be waiting for you at the Arrivals Hall with a sign with your name on it. If you are unable to locate the driver/agent, please call DESTINATION SERVICES on +34 971 922 694 .Languages spoken at the call centre: English, Spanish. Please do not leave the pick-up area without having contacted the agent/driver first.</Description>
    </TransferPickupInformation>
    <ArrivalTravelInfo>
      <ArrivalInfo xsi:type="ProductTransferTerminal">
        <Code>TRALC</Code>
        <Name>Alicante, Train Station</Name>
        <TransferZone xsi:type="ProductZone">
          <Code>TREN ALICA</Code>
        </TransferZone>
        <DateTime date="20180831" time="1500"/>
        <TerminalType>T</TerminalType>
      </ArrivalInfo>
    </ArrivalTravelInfo>
  </ServiceTransfer>
</TransferValuedAvailRS>
