<?xml version="1.0" encoding="UTF-8"?>
<TransferValuedAvailRQ xmlns="http://www.hotelbeds.com/schemas/2005/06/messages" xmlns:xsi="http://www.w3.org/2001/XMLSchema-instance" xsi:schemaLocation="http://www.hotelbeds.com/schemas/2005/06/messages ../xsd/TransferValuedAvailRQ.xsd" echoToken="Golden1527619986car" sessionId="HTM1527619986" version="2013/12">
  <Language>ENG</Language>
  <Credentials>
    <User>GOLDENEDGEUS262901</User>
    <Password>GOLDENEDGEUS262901</Password>
    <Platform>55</Platform>
  </Credentials>
  <ExtraParamList/>
  <AvailData type="IN">
    <ServiceDate date="20180830" time="1200"/>
    <Occupancy>
      <AdultCount>2</AdultCount>
      <ChildCount>1</ChildCount>
      <GuestList>
        <Customer type="CH">
          <Age>6</Age>
          <Name>Added Customer0</Name>
          <LastName>Added Customer0</LastName>
        </Customer>
      </GuestList>
    </Occupancy>
    <PickupLocation xsi:type="ProductTransferHotel">
      <Code>271963</Code>
    </PickupLocation>
    <DestinationLocation xsi:type="ProductTransferTerminal">
      <Code>TRALC</Code>
      <DateTime date="20180830" time="1500"/>
    </DestinationLocation>
  </AvailData>
  <AvailData type="OUT">
    <ServiceDate date="20180831" time="1200"/>
    <Occupancy>
      <AdultCount>2</AdultCount>
      <ChildCount>1</ChildCount>
      <GuestList>
        <Customer type="CH">
          <Age>6</Age>
          <Name>Added Customer0</Name>
          <LastName>Added Customer0</LastName>
        </Customer>
      </GuestList>
    </Occupancy>
    <PickupLocation xsi:type="ProductTransferTerminal">
      <Code>TRALC</Code>
      <DateTime date="20180831" time="1500"/>
    </PickupLocation>
    <DestinationLocation xsi:type="ProductTransferHotel">
      <Code>271963</Code>
    </DestinationLocation>
  </AvailData>
  <ReturnContents>Y</ReturnContents>
</TransferValuedAvailRQ>
