<?xml version="1.0" encoding="UTF-8"?>
<PurchaseConfirmRQ xmlns="http://www.hotelbeds.com/schemas/2005/06/messages" xmlns:xsi="http://www.w3.org/2001/XMLSchema-instance" echoToken="Golden1526902311ssrf" version="2013/12">
  <Language>ENG</Language>
  <Credentials>
    <User>TESTCHAINS</User>
    <Password>TESTCHAINS</Password>
  </Credentials>
  <ConfirmationData purchaseToken="O3415590493">
    <Holder type="AD">
      <CustomerId>Hldr</CustomerId>
      <Name>veera</Name>
      <LastName>mani</LastName>
    </Holder>
    <AgencyReference>Web123myne</AgencyReference>
    <ConfirmationServiceDataList>
      <ServiceData xsi:type="ConfirmationServiceDataTransfer" SPUI="318#T#1">
        <CustomerList>
          <Customer type="AD">
            <CustomerId>1</CustomerId>
            <Age>45</Age>
            <Name>veera</Name>
            <LastName>mani</LastName>
          </Customer>
          <Customer type="AD">
            <CustomerId>2</CustomerId>
            <Age>45</Age>
            <Name>saran</Name>
            <LastName>raj</LastName>
          </Customer>
          <Customer type="CH">
            <CustomerId>3</CustomerId>
            <Age>6</Age>
            <Name>sree</Name>
            <LastName>desh</LastName>
          </Customer>
        </CustomerList>
        <ArrivalTravelInfo>
          <ArrivalInfo xsi:type="ProductTransferTerminal">
            <Code>HKG</Code>
            <DateTime date="20180815" time="1200"/>
          </ArrivalInfo>
          <TravelNumber>ABCFFF</TravelNumber>
        </ArrivalTravelInfo>
        <DepartureTravelInfo>
          <DepartInfo>
            <Code>69604</Code>
            <DateTime date="20180815" time="1600"/>
          </DepartInfo>
          <TravelNumber>AADSDSF</TravelNumber>
        </DepartureTravelInfo>
      </ServiceData>
      <ServiceData xsi:type="ConfirmationServiceDataTransfer" SPUI="318#T#2">
        <CustomerList>
          <Customer type="AD">
            <CustomerId>4</CustomerId>
            <Age>45</Age>
            <Name>veera</Name>
            <LastName>mani</LastName>
          </Customer>
          <Customer type="AD">
            <CustomerId>5</CustomerId>
            <Age>45</Age>
            <Name>saran</Name>
            <LastName>raj</LastName>
          </Customer>
          <Customer type="CH">
            <CustomerId>6</CustomerId>
            <Age>6</Age>
            <Name>sree</Name>
            <LastName>desh</LastName>
          </Customer>
        </CustomerList>
        <ArrivalTravelInfo>
          <ArrivalInfo xsi:type="ProductTransferTerminal">
            <Code>69604</Code>
            <DateTime date="20180816" time="1200"/>
          </ArrivalInfo>
          <TravelNumber>AADSDSF</TravelNumber>
        </ArrivalTravelInfo>
        <DepartureTravelInfo>
          <DepartInfo>
            <Code>HKG</Code>
            <DateTime date="20180816" time="1600"/>
          </DepartInfo>
          <TravelNumber>AADSDSF</TravelNumber>
        </DepartureTravelInfo>
      </ServiceData>
    </ConfirmationServiceDataList>
  </ConfirmationData>
</PurchaseConfirmRQ>
