<?xml version="1.0"?>
<ServiceAddRS xmlns="http://www.hotelbeds.com/schemas/2005/06/messages" xmlns:xsi="http://www.w3.org/2001/XMLSchema-instance" xsi:schemaLocation="http://www.hotelbeds.com/schemas/2005/06/messages ServiceAddRS.xsd" echoToken="Golden1526902279ssrf">
  <AuditData>
    <ProcessTime>456</ProcessTime>
    <Timestamp>2018-05-21 13:45:40.915</Timestamp>
    <RequestHost>199.79.62.63</RequestHost>
    <ServerName>FORM</ServerName>
    <ServerId>01</ServerId>
    <SchemaRelease>2005/06</SchemaRelease>
    <HydraCoreRelease>4.16.6.20180414#FO#0</HydraCoreRelease>
    <HydraEnumerationsRelease>3#1b32b944cc9f#000</HydraEnumerationsRelease>
    <MerlinRelease>0</MerlinRelease>
  </AuditData>
  <Purchase purchaseToken="O3415590493" timeToExpiration="1799550">
    <Status>SHOPPING_CART</Status>
    <Agency>
      <Code>94311</Code>
      <Branch>1</Branch>
    </Agency>
    <Language>ENG</Language>
    <CreationUser>TESTCHAINS</CreationUser>
    <ServiceList>
      <Service xsi:type="ServiceTransfer" transferType="IN" SPUI="318#T#1">
        <Status>NEW</Status>
        <ContractList>
          <Contract>
            <Name>VIGORSICHKG1-18</Name>
            <IncomingOffice code="318"/>
            <Sequence>11534</Sequence>
          </Contract>
        </ContractList>
        <Supplier name="HOTELBEDS HONG KONG LIMITED" vatNumber="04057491"/>
        <DateFrom date="20180815"/>
        <Currency code="EUR">Euro</Currency>
        <TotalAmount>33.810</TotalAmount>
        <SellingPrice mandatory="N">33.810</SellingPrice>
        <AdditionalCostList>
          <AdditionalCost type="AG_COMMISSION">
            <Price>
              <Amount>0.000</Amount>
            </Price>
          </AdditionalCost>
          <AdditionalCost type="COMMISSION_VAT">
            <Price>
              <Amount>0.000</Amount>
            </Price>
          </AdditionalCost>
          <AdditionalCost type="COMMISSION_PCT">
            <Price>
              <Amount>0.000</Amount>
            </Price>
          </AdditionalCost>
        </AdditionalCostList>
        <ModificationPolicyList>
          <ModificationPolicy>Cancellation</ModificationPolicy>
          <ModificationPolicy>Confirmation</ModificationPolicy>
          <ModificationPolicy>Modification</ModificationPolicy>
        </ModificationPolicyList>
        <TransferInfo xsi:type="ProductTransfer">
          <Code>318#T#1</Code>
          <DescriptionList>
            <Description type="GENERAL" languageCode="ENG">With other passengers</Description>
            <Description type="PRODUCT" languageCode="ENG">Standard product type</Description>
            <Description type="VEHICLE" languageCode="ENG">Bus</Description>
          </DescriptionList>
          <ImageList>
            <Image>
              <Type>S</Type>
              <Url>http://media.stage.activitiesbank.com/giata/transfers/TRD/small/shrd-stnd-bs.png</Url>
            </Image>
            <Image>
              <Type>M</Type>
              <Url>http://media.stage.activitiesbank.com/giata/transfers/TRD/medium/shrd-stnd-bs.png</Url>
            </Image>
            <Image>
              <Type>L</Type>
              <Url>http://media.stage.activitiesbank.com/giata/transfers/TRD/large/shrd-stnd-bs.png</Url>
            </Image>
            <Image>
              <Type>XL</Type>
              <Url>http://media.stage.activitiesbank.com/giata/transfers/TRD/extralarge/shrd-stnd-bs.png</Url>
            </Image>
          </ImageList>
          <Type code="B"/>
          <VehicleType code="W"/>
          <TransferSpecificContent id="562">
            <GenericTransferGuidelinesList>
              <TransferBulletPoint id="VOUC">
                <Description>VOUCHER </Description>
                <DetailedDescription>Remember to bring this voucher and valid photo ID with you</DetailedDescription>
              </TransferBulletPoint>
              <TransferBulletPoint id="CBBS">
                <Description>CHILDBOOSTER / BABY SEAT</Description>
                <DetailedDescription>Child car seats and boosters are not included unless specified in your booking and can carry an extra cost. Should you need to book them, please contact your point of sale prior to travelling.</DetailedDescription>
              </TransferBulletPoint>
            </GenericTransferGuidelinesList>
            <MaximumWaitingTime time="60">minutes</MaximumWaitingTime>
            <MaximumWaitingTimeSupplierDomestic time="60">minutes</MaximumWaitingTimeSupplierDomestic>
            <MaximumWaitingTimeSupplierInternational time="90">minutes</MaximumWaitingTimeSupplierInternational>
          </TransferSpecificContent>
        </TransferInfo>
        <Paxes>
          <AdultCount>2</AdultCount>
          <ChildCount>1</ChildCount>
          <GuestList>
            <Customer type="CH">
              <CustomerId>1</CustomerId>
              <Age>6</Age>
              <Name>Added Customer0</Name>
              <LastName>Added Customer0</LastName>
            </Customer>
            <Customer type="AD">
              <CustomerId>2</CustomerId>
              <Age>30</Age>
            </Customer>
            <Customer type="AD">
              <CustomerId>3</CustomerId>
              <Age>30</Age>
            </Customer>
          </GuestList>
        </Paxes>
        <PickupLocation xsi:type="ProductTransferTerminal">
          <Code>HKG</Code>
          <Name>Hong Kong, Hong Kong Int. Airport</Name>
          <TransferZone xsi:type="ProductZone">
            <Code>HKG</Code>
          </TransferZone>
          <Country code="HK">
            <Name>Hong Kong</Name>
          </Country>
          <TerminalType>A</TerminalType>
        </PickupLocation>
        <DestinationLocation xsi:type="ProductTransferHotel">
          <Code>69604</Code>
          <Name>The Langham Hong Kong</Name>
          <TransferZone xsi:type="ProductZone">
            <Code>KLN</Code>
          </TransferZone>
          <LocationInformation>
            <Address> Peking Road, Tsim Sha Tsui, Kowloon</Address>
            <Number>8</Number>
            <Town>KOWLOON</Town>
            <GPSPoint latitude="22.296192" longitude="114.169787"/>
            <Description>The Langham Hong Kong</Description>
          </LocationInformation>
        </DestinationLocation>
        <RetailPrice>33.810</RetailPrice>
        <ProductSpecifications>
          <MasterServiceType code="SHRD" name="Shared - Shuttle"/>
          <MasterProductType code="STND" name="Standard"/>
          <MasterVehicleType code="BS" name="Bus"/>
          <TransferGeneralInfoList>
            <TransferBulletPoint xsi:type="TransferBulletPointNumber" id="MST" order="3">
              <Description>Maximum</Description>
              <Value>13</Value>
              <Metric>stops</Metric>
            </TransferBulletPoint>
            <TransferBulletPoint id="BAHB" order="10">
              <Description>1 item of hand baggage allowed per person</Description>
            </TransferBulletPoint>
            <TransferBulletPoint id="BA" order="12">
              <Description>1 piece of baggage allowed per person ( max.dimensions 158cm) length+width+height=158cm</Description>
            </TransferBulletPoint>
          </TransferGeneralInfoList>
        </ProductSpecifications>
        <TransferPickupTime date="20180815" time="1200"/>
        <TransferPickupInformation>
          <Description>Once you have collected your luggage, proceed to airport counter "B01 - Vigor" located in the Arrivals Hall B of Terminal 1. For further directions please proceed to the next Airport Information Counter. If you are unable to locate the driver/agent, please call Vigor Tours on +852 27 39 38 28. Languages spoken at the call centre: English, Cantonese, Chinese. Please do not leave the pick-up area without having contacted the agent/driver first.</Description>
        </TransferPickupInformation>
        <ArrivalTravelInfo>
          <DepartInfo xsi:type="ProductTransferTerminal"/>
          <ArrivalInfo xsi:type="ProductTransferTerminal">
            <Code>HKG</Code>
            <Name>Hong Kong, Hong Kong Int. Airport</Name>
            <DateTime date="20180815" time="1200"/>
            <Country code="HK">
              <Name>Hong Kong</Name>
            </Country>
            <TerminalType>A</TerminalType>
          </ArrivalInfo>
        </ArrivalTravelInfo>
        <DepartureTravelInfo/>
        <CancellationPolicies>
          <CancellationPolicy amount="33.830" dateFrom="20180812" time="2359"/>
        </CancellationPolicies>
      </Service>
    </ServiceList>
    <Currency code="EUR"/>
    <PaymentData>
      <PaymentType code="P"/>
      <InvoiceCompany/>
      <Description>UNKNOWN</Description>
    </PaymentData>
    <TotalPrice>33.810</TotalPrice>
    <PendingAmount>33.810</PendingAmount>
  </Purchase>
</ServiceAddRS>
