<?xml version="1.0" encoding="UTF-8"?>
<ServiceAddRQ xmlns="http://www.hotelbeds.com/schemas/2005/06/messages" xmlns:xsi="http://www.w3.org/2001/XMLSchema-instance" xsi:schemaLocation="http://www.hotelbeds.com/schemas/2005/06/messages ../xsd/ServiceAddRQ.xsd" echoToken="Golden1526903755ssrf" version="2013/12">
  <Language>ENG</Language>
  <Credentials>
    <User>TESTCHAINS</User>
    <Password>TESTCHAINS</Password>
  </Credentials>
  <Service xsi:type="ServiceTransfer" availToken="XAt+cZ8nid+tf9vXOs7Juw==" transferType="OUT">
    <ContractList>
      <Contract>
        <Name>TRBHKGPVT1 1718</Name>
        <IncomingOffice code="318"/>
      </Contract>
    </ContractList>
    <DateFrom date="20180816" time="1400"/>
    <TransferInfo xsi:type="ProductTransfer">
      <Code>0|0|2</Code>
      <Type code="P"/>
      <VehicleType code="Q"/>
    </TransferInfo>
    <Paxes>
      <AdultCount>2</AdultCount>
      <ChildCount>1</ChildCount>
      <GuestList>
        <Customer type="CH">
          <Age>6</Age>
          <Name>Added Customer0</Name>
          <LastName>Added Customer0</LastName>
        </Customer>
      </GuestList>
    </Paxes>
    <PickupLocation xsi:type="ProductTransferHotel">
      <Code>69604</Code>
    </PickupLocation>
    <DestinationLocation xsi:type="ProductTransferTerminal">
      <IATA>HKG</IATA>
      <DateTime date="20180816" time="1600"/>
    </DestinationLocation>
  </Service>
</ServiceAddRQ>
