<?xml version="1.0"?>
<ServiceAddRS xmlns="http://www.hotelbeds.com/schemas/2005/06/messages" xmlns:xsi="http://www.w3.org/2001/XMLSchema-instance" xsi:schemaLocation="http://www.hotelbeds.com/schemas/2005/06/messages ServiceAddRS.xsd" echoToken="Golden1526903755ssrf">
  <AuditData>
    <ProcessTime>329</ProcessTime>
    <Timestamp>2018-05-21 14:10:17.297</Timestamp>
    <RequestHost>199.79.62.63</RequestHost>
    <ServerName>FORM</ServerName>
    <ServerId>01</ServerId>
    <SchemaRelease>2005/06</SchemaRelease>
    <HydraCoreRelease>4.16.6.20180414#FO#0</HydraCoreRelease>
    <HydraEnumerationsRelease>2#83f4cbe4f24f#000</HydraEnumerationsRelease>
    <MerlinRelease>0</MerlinRelease>
  </AuditData>
  <Purchase purchaseToken="O0306055561" timeToExpiration="1799677">
    <Status>SHOPPING_CART</Status>
    <Agency>
      <Code>94311</Code>
      <Branch>1</Branch>
    </Agency>
    <Language>ENG</Language>
    <CreationUser>TESTCHAINS</CreationUser>
    <ServiceList>
      <Service xsi:type="ServiceTransfer" transferType="OUT" SPUI="318#T#1">
        <Status>NEW</Status>
        <ContractList>
          <Contract>
            <Name>TRBHKGPVT1 1718</Name>
            <IncomingOffice code="318"/>
            <Sequence>11620</Sequence>
          </Contract>
        </ContractList>
        <Supplier name="HOTELBEDS HONG KONG LIMITED" vatNumber="04057491"/>
        <DateFrom date="20180816"/>
        <Currency code="EUR">Euro</Currency>
        <TotalAmount>79.420</TotalAmount>
        <SellingPrice mandatory="N">79.420</SellingPrice>
        <AdditionalCostList>
          <AdditionalCost type="AG_COMMISSION">
            <Price>
              <Amount>0.000</Amount>
            </Price>
          </AdditionalCost>
          <AdditionalCost type="COMMISSION_VAT">
            <Price>
              <Amount>0.000</Amount>
            </Price>
          </AdditionalCost>
          <AdditionalCost type="COMMISSION_PCT">
            <Price>
              <Amount>0.000</Amount>
            </Price>
          </AdditionalCost>
        </AdditionalCostList>
        <ModificationPolicyList>
          <ModificationPolicy>Cancellation</ModificationPolicy>
          <ModificationPolicy>Confirmation</ModificationPolicy>
          <ModificationPolicy>Modification</ModificationPolicy>
        </ModificationPolicyList>
        <TransferInfo xsi:type="ProductTransfer">
          <Code>318#T#1</Code>
          <DescriptionList>
            <Description type="GENERAL" languageCode="ENG">Private hire with driver</Description>
            <Description type="PRODUCT" languageCode="ENG">Luxury product type</Description>
            <Description type="VEHICLE" languageCode="ENG">Minivan</Description>
          </DescriptionList>
          <ImageList>
            <Image>
              <Type>S</Type>
              <Url>http://media.stage.activitiesbank.com/giata/transfers/TRD/small/prvt-lxr-mv.png</Url>
            </Image>
            <Image>
              <Type>M</Type>
              <Url>http://media.stage.activitiesbank.com/giata/transfers/TRD/medium/prvt-lxr-mv.png</Url>
            </Image>
            <Image>
              <Type>L</Type>
              <Url>http://media.stage.activitiesbank.com/giata/transfers/TRD/large/prvt-lxr-mv.png</Url>
            </Image>
            <Image>
              <Type>XL</Type>
              <Url>http://media.stage.activitiesbank.com/giata/transfers/TRD/extralarge/prvt-lxr-mv.png</Url>
            </Image>
          </ImageList>
          <Type code="P"/>
          <VehicleType code="Q"/>
          <TransferSpecificContent id="1853">
            <GenericTransferGuidelinesList>
              <TransferBulletPoint id="VOUC">
                <Description>VOUCHER </Description>
                <DetailedDescription>Remember to bring this voucher and valid photo ID with you</DetailedDescription>
              </TransferBulletPoint>
              <TransferBulletPoint id="CBBS">
                <Description>CHILDBOOSTER / BABY SEAT</Description>
                <DetailedDescription>Child car seats and boosters are not included unless specified in your booking and can carry an extra cost. Should you need to book them, please contact your point of sale prior to travelling.</DetailedDescription>
              </TransferBulletPoint>
            </GenericTransferGuidelinesList>
            <SpecificTransferInfoList>
              <TransferBulletPoint order="1">
                <Description>Meet and Greet in English</Description>
              </TransferBulletPoint>
            </SpecificTransferInfoList>
            <MaximumWaitingTime time="20">minutes</MaximumWaitingTime>
            <MaximumWaitingTimeSupplierDomestic time="20">minutes</MaximumWaitingTimeSupplierDomestic>
          </TransferSpecificContent>
        </TransferInfo>
        <Paxes>
          <AdultCount>2</AdultCount>
          <ChildCount>1</ChildCount>
          <GuestList>
            <Customer type="CH">
              <CustomerId>1</CustomerId>
              <Age>6</Age>
              <Name>Added Customer0</Name>
              <LastName>Added Customer0</LastName>
            </Customer>
            <Customer type="AD">
              <CustomerId>2</CustomerId>
              <Age>30</Age>
            </Customer>
            <Customer type="AD">
              <CustomerId>3</CustomerId>
              <Age>30</Age>
            </Customer>
          </GuestList>
        </Paxes>
        <PickupLocation xsi:type="ProductTransferHotel">
          <Code>69604</Code>
          <Name>The Langham Hong Kong</Name>
          <TransferZone xsi:type="ProductZone">
            <Code>KLN</Code>
          </TransferZone>
        </PickupLocation>
        <DestinationLocation xsi:type="ProductTransferTerminal">
          <Code>HKG</Code>
          <Name>Hong Kong, Hong Kong Int. Airport</Name>
          <TransferZone xsi:type="ProductZone">
            <Code>HKG</Code>
          </TransferZone>
          <Country code="HK">
            <Name>Hong Kong</Name>
          </Country>
          <TerminalType>A</TerminalType>
        </DestinationLocation>
        <RetailPrice>79.420</RetailPrice>
        <EstimatedTransferDuration>30</EstimatedTransferDuration>
        <ProductSpecifications>
          <MasterServiceType code="PRVT" name="Private"/>
          <MasterProductType code="LXR" name="Luxury"/>
          <MasterVehicleType code="MV" name="Minivan"/>
          <TransferGeneralInfoList>
            <TransferBulletPoint id="ER" order="1">
              <Description>Exclusive ride for you</Description>
            </TransferBulletPoint>
            <TransferBulletPoint id="DTDS" order="2">
              <Description>Door to door service</Description>
            </TransferBulletPoint>
            <TransferBulletPoint id="AV247" order="3">
              <Description>Available 24/7</Description>
            </TransferBulletPoint>
            <TransferBulletPoint id="M&amp;GS" order="4">
              <Description>Meet &amp; Greet service</Description>
            </TransferBulletPoint>
            <TransferBulletPoint id="BAHB" order="10">
              <Description>1 item of hand baggage allowed per person</Description>
            </TransferBulletPoint>
            <TransferBulletPoint id="BA" order="12">
              <Description>1 piece of baggage allowed per person ( max.dimensions 158cm) length+width+height=158cm</Description>
            </TransferBulletPoint>
          </TransferGeneralInfoList>
        </ProductSpecifications>
        <TransferPickupTime date="20180816" time="1030"/>
        <TransferPickupInformation>
          <Description>You will be picked up at the hotel main lobby. If you are unable to locate the driver/agent, please call TRB HONG KONG LIMITED on (852) 3952 8500. Languages spoken at the call centre: English, Chinese. Please do not leave the pick-up area without having contacted the agent/driver first.</Description>
        </TransferPickupInformation>
        <ArrivalTravelInfo/>
        <DepartureTravelInfo>
          <DepartInfo xsi:type="ProductTransferTerminal">
            <Code>HKG</Code>
            <Name>Hong Kong, Hong Kong Int. Airport</Name>
            <DateTime date="20180816" time="1600"/>
            <Country code="HK">
              <Name>Hong Kong</Name>
            </Country>
            <TerminalType>A</TerminalType>
          </DepartInfo>
          <ArrivalInfo xsi:type="ProductTransferTerminal"/>
        </DepartureTravelInfo>
        <CancellationPolicies>
          <CancellationPolicy amount="79.420" dateFrom="20180814" time="2359"/>
        </CancellationPolicies>
        <TransferWebInformation>http://www.checkpickup.com/</TransferWebInformation>
        <TimeBeforeConsultingWeb>36</TimeBeforeConsultingWeb>
      </Service>
    </ServiceList>
    <Currency code="EUR"/>
    <PaymentData>
      <PaymentType code="P"/>
      <InvoiceCompany/>
      <Description>UNKNOWN</Description>
    </PaymentData>
    <TotalPrice>79.420</TotalPrice>
    <PendingAmount>79.420</PendingAmount>
  </Purchase>
</ServiceAddRS>
