<air:LowFareSearchRsp xmlns:air="http://www.travelport.com/schema/air_v42_0" xmlns:common_v42_0="http://www.travelport.com/schema/common_v42_0" TraceId="db7af0ac-e10c-4b19-b56c-a2228a983325" TransactionId="B7DAF1F10A0764782B47537EBC7A5E11" ResponseTime="2467" DistanceUnits="MI" CurrencyType="EUR"><common_v42_0:ResponseMessage Code="15100" Type="Warning" ProviderCode="ACH">Passenger type level fees are informational only, and may not match with those returned at the itinerary level.</common_v42_0:ResponseMessage><common_v42_0:ResponseMessage Code="14" Type="Warning" ProviderCode="ACH">FR, U2 do not support Passenger Type Code CNN; request submitted as CHD</common_v42_0:ResponseMessage><common_v42_0:ResponseMessage Code="14" Type="Warning" ProviderCode="ACH">FR, U2 carriers may not support private fares with account codes</common_v42_0:ResponseMessage><air:FlightDetailsList><air:FlightDetails Key="D14ve24R2BKAi8K7DAAAAA==" Origin="LTN" Destination="CPH" DepartureTime="2017-10-31T08:40:00.000+00:00" ArrivalTime="2017-10-31T11:30:00.000+01:00" FlightTime="110" TravelTime="110" Equipment="738" /><air:FlightDetails Key="D14ve24R2BKAk8K7DAAAAA==" Origin="LTN" Destination="CPH" DepartureTime="2017-10-31T14:00:00.000+00:00" ArrivalTime="2017-10-31T16:50:00.000+01:00" FlightTime="110" TravelTime="110" Equipment="738" /><air:FlightDetails Key="D14ve24R2BKAm8K7DAAAAA==" Origin="LTN" Destination="CPH" DepartureTime="2017-10-31T18:45:00.000+00:00" ArrivalTime="2017-10-31T21:35:00.000+01:00" FlightTime="110" TravelTime="110" Equipment="738" /><air:FlightDetails Key="D14ve24R2BKAo8K7DAAAAA==" Origin="CPH" Destination="LTN" DepartureTime="2017-11-15T07:15:00.000+01:00" ArrivalTime="2017-11-15T08:15:00.000+00:00" FlightTime="120" TravelTime="120" Equipment="738" /><air:FlightDetails Key="D14ve24R2BKAq8K7DAAAAA==" Origin="CPH" Destination="LTN" DepartureTime="2017-11-15T17:15:00.000+01:00" ArrivalTime="2017-11-15T18:15:00.000+00:00" FlightTime="120" TravelTime="120" Equipment="738" /><air:FlightDetails Key="D14ve24R2BKAs8K7DAAAAA==" Origin="CPH" Destination="LTN" DepartureTime="2017-11-15T22:00:00.000+01:00" ArrivalTime="2017-11-15T23:00:00.000+00:00" FlightTime="120" TravelTime="120" Equipment="738" /><air:FlightDetails Key="D14ve24R2BKAu8K7DAAAAA==" Origin="LGW" Destination="CPH" DepartureTime="2017-10-31T17:10:00.000+00:00" ArrivalTime="2017-10-31T20:00:00.000+01:00" FlightTime="110" TravelTime="110" OriginTerminal="North Terminal" /><air:FlightDetails Key="D14ve24R2BKAw8K7DAAAAA==" Origin="CPH" Destination="LGW" DepartureTime="2017-11-15T10:20:00.000+01:00" ArrivalTime="2017-11-15T11:25:00.000+00:00" FlightTime="125" TravelTime="125" DestinationTerminal="North Terminal" /></air:FlightDetailsList><air:AirSegmentList><air:AirSegment Key="D14ve24R2BKAh8K7DAAAAA==" Group="0" Carrier="FR" FlightNumber="7404" Origin="LTN" Destination="CPH" DepartureTime="2017-10-31T08:40:00.000+00:00" ArrivalTime="2017-10-31T11:30:00.000+01:00" FlightTime="110" Equipment="738" Status="KK" SupplierCode="FR" ChangeOfPlane="false" OptionalServicesIndicator="false"><air:CodeshareInfo OperatingCarrier="FR" OperatingFlightNumber="7404">RyanAir</air:CodeshareInfo><air:AirAvailInfo ProviderCode="ACH" /><air:FlightDetailsRef Key="D14ve24R2BKAi8K7DAAAAA==" /></air:AirSegment><air:AirSegment Key="D14ve24R2BKAj8K7DAAAAA==" Group="0" Carrier="FR" FlightNumber="411" Origin="LTN" Destination="CPH" DepartureTime="2017-10-31T14:00:00.000+00:00" ArrivalTime="2017-10-31T16:50:00.000+01:00" FlightTime="110" Equipment="738" Status="KK" SupplierCode="FR" ChangeOfPlane="false" OptionalServicesIndicator="false"><air:CodeshareInfo OperatingCarrier="FR" OperatingFlightNumber="411">RyanAir</air:CodeshareInfo><air:AirAvailInfo ProviderCode="ACH" /><air:FlightDetailsRef Key="D14ve24R2BKAk8K7DAAAAA==" /></air:AirSegment><air:AirSegment Key="D14ve24R2BKAl8K7DAAAAA==" Group="0" Carrier="FR" FlightNumber="7408" Origin="LTN" Destination="CPH" DepartureTime="2017-10-31T18:45:00.000+00:00" ArrivalTime="2017-10-31T21:35:00.000+01:00" FlightTime="110" Equipment="738" Status="KK" SupplierCode="FR" ChangeOfPlane="false" OptionalServicesIndicator="false"><air:CodeshareInfo OperatingCarrier="FR" OperatingFlightNumber="7408">RyanAir</air:CodeshareInfo><air:AirAvailInfo ProviderCode="ACH" /><air:FlightDetailsRef Key="D14ve24R2BKAm8K7DAAAAA==" /></air:AirSegment><air:AirSegment Key="D14ve24R2BKAn8K7DAAAAA==" Group="1" Carrier="FR" FlightNumber="7403" Origin="CPH" Destination="LTN" DepartureTime="2017-11-15T07:15:00.000+01:00" ArrivalTime="2017-11-15T08:15:00.000+00:00" FlightTime="120" Equipment="738" Status="KK" SupplierCode="FR" ChangeOfPlane="false" OptionalServicesIndicator="false"><air:CodeshareInfo OperatingCarrier="FR" OperatingFlightNumber="7403">RyanAir</air:CodeshareInfo><air:AirAvailInfo ProviderCode="ACH" /><air:FlightDetailsRef Key="D14ve24R2BKAo8K7DAAAAA==" /></air:AirSegment><air:AirSegment Key="D14ve24R2BKAp8K7DAAAAA==" Group="1" Carrier="FR" FlightNumber="410" Origin="CPH" Destination="LTN" DepartureTime="2017-11-15T17:15:00.000+01:00" ArrivalTime="2017-11-15T18:15:00.000+00:00" FlightTime="120" Equipment="738" Status="KK" SupplierCode="FR" ChangeOfPlane="false" OptionalServicesIndicator="false"><air:CodeshareInfo OperatingCarrier="FR" OperatingFlightNumber="410">RyanAir</air:CodeshareInfo><air:AirAvailInfo ProviderCode="ACH" /><air:FlightDetailsRef Key="D14ve24R2BKAq8K7DAAAAA==" /></air:AirSegment><air:AirSegment Key="D14ve24R2BKAr8K7DAAAAA==" Group="1" Carrier="FR" FlightNumber="7407" Origin="CPH" Destination="LTN" DepartureTime="2017-11-15T22:00:00.000+01:00" ArrivalTime="2017-11-15T23:00:00.000+00:00" FlightTime="120" Equipment="738" Status="KK" SupplierCode="FR" ChangeOfPlane="false" OptionalServicesIndicator="false"><air:CodeshareInfo OperatingCarrier="FR" OperatingFlightNumber="7407">RyanAir</air:CodeshareInfo><air:AirAvailInfo ProviderCode="ACH" /><air:FlightDetailsRef Key="D14ve24R2BKAs8K7DAAAAA==" /></air:AirSegment><air:AirSegment Key="D14ve24R2BKAt8K7DAAAAA==" Group="0" Carrier="U2" FlightNumber="8267" Origin="LGW" Destination="CPH" DepartureTime="2017-10-31T17:10:00.000+00:00" ArrivalTime="2017-10-31T20:00:00.000+01:00" FlightTime="110" ETicketability="Yes" Status="KK" SupplierCode="U2" ChangeOfPlane="false" OptionalServicesIndicator="false" APISRequirementsRef="D14ve24R2BKAvAL7DAAAAA=="><air:CodeshareInfo OperatingCarrier="U2" OperatingFlightNumber="8267">Easyjet</air:CodeshareInfo><air:AirAvailInfo ProviderCode="ACH" /><air:FlightDetailsRef Key="D14ve24R2BKAu8K7DAAAAA==" /></air:AirSegment><air:AirSegment Key="D14ve24R2BKAv8K7DAAAAA==" Group="1" Carrier="U2" FlightNumber="8262" Origin="CPH" Destination="LGW" DepartureTime="2017-11-15T10:20:00.000+01:00" ArrivalTime="2017-11-15T11:25:00.000+00:00" FlightTime="125" ETicketability="Yes" Status="KK" SupplierCode="U2" ChangeOfPlane="false" OptionalServicesIndicator="false" APISRequirementsRef="D14ve24R2BKAvAL7DAAAAA=="><air:CodeshareInfo OperatingCarrier="U2" OperatingFlightNumber="8262">Easyjet</air:CodeshareInfo><air:AirAvailInfo ProviderCode="ACH" /><air:FlightDetailsRef Key="D14ve24R2BKAw8K7DAAAAA==" /></air:AirSegment></air:AirSegmentList><air:FareInfoList><air:FareInfo Key="D14ve24R2BKAx8K7DAAAAA==" FareBasis="AZ1LOW" PassengerTypeCode="ADT" Origin="LTN" Destination="CPH" EffectiveDate="2017-08-06T16:02:48.000+02:00" Amount="GBP25.99" PromotionalFare="false" FareFamily="Lowest Available Fares" SupplierCode="FR"><air:FareRuleKey FareInfoRef="D14ve24R2BKAx8K7DAAAAA==" ProviderCode="ACH">uuid-e726719b-66a3-41e4-9eb5-84d64cfa5082</air:FareRuleKey><air:Brand Key="D14ve24R2BKA+AL7DAAAAA==" BrandID="20862" UpSellBrandID="20864"><air:UpsellBrand FareBasis="A1LLSR" FareInfoRef="D14ve24R2BKAs9K7DAAAAA==" /></air:Brand></air:FareInfo><air:FareInfo Key="D14ve24R2BKAz8K7DAAAAA==" FareBasis="AZ1LOW" PassengerTypeCode="ADT" Origin="LTN" Destination="CPH" EffectiveDate="2017-08-06T16:02:48.000+02:00" Amount="GBP25.99" PromotionalFare="false" FareFamily="Lowest Available Fares" SupplierCode="FR"><air:FareRuleKey FareInfoRef="D14ve24R2BKAz8K7DAAAAA==" ProviderCode="ACH">uuid-40c9919d-0e6c-45f6-8926-a151a862440f</air:FareRuleKey><air:Brand Key="D14ve24R2BKAABL7DAAAAA==" BrandID="20862" UpSellBrandID="20864"><air:UpsellBrand FareBasis="A1LLSR" FareInfoRef="D14ve24R2BKAu9K7DAAAAA==" /></air:Brand></air:FareInfo><air:FareInfo Key="D14ve24R2BKA08K7DAAAAA==" FareBasis="AZ1LOW" PassengerTypeCode="ADT" Origin="LTN" Destination="CPH" EffectiveDate="2017-08-06T16:02:48.000+02:00" Amount="GBP25.99" PromotionalFare="false" FareFamily="Lowest Available Fares" SupplierCode="FR"><air:FareRuleKey FareInfoRef="D14ve24R2BKA08K7DAAAAA==" ProviderCode="ACH">uuid-94cab6bd-8738-4b52-9a51-3491422460d6</air:FareRuleKey><air:Brand Key="D14ve24R2BKACBL7DAAAAA==" BrandID="20862" UpSellBrandID="20864"><air:UpsellBrand FareBasis="A1LLSR" FareInfoRef="D14ve24R2BKAv9K7DAAAAA==" /></air:Brand></air:FareInfo><air:FareInfo Key="D14ve24R2BKAG9K7DAAAAA==" FareBasis="AZ1LOW" PassengerTypeCode="CHD" Origin="LTN" Destination="CPH" EffectiveDate="2017-08-06T16:02:48.000+02:00" Amount="GBP25.99" PromotionalFare="false" FareFamily="Lowest Available Fares" SupplierCode="FR"><air:FareRuleKey FareInfoRef="D14ve24R2BKAG9K7DAAAAA==" ProviderCode="ACH">uuid-bc657b22-cfbe-4e5b-9b5d-afb90c3dd504</air:FareRuleKey><air:Brand Key="D14ve24R2BKAEBL7DAAAAA==" BrandID="20862" UpSellBrandID="20864"><air:UpsellBrand FareBasis="A1LLSR" FareInfoRef="D14ve24R2BKA/9K7DAAAAA==" /></air:Brand></air:FareInfo><air:FareInfo Key="D14ve24R2BKAI9K7DAAAAA==" FareBasis="AZ1LOW" PassengerTypeCode="CHD" Origin="LTN" Destination="CPH" EffectiveDate="2017-08-06T16:02:48.000+02:00" Amount="GBP25.99" PromotionalFare="false" FareFamily="Lowest Available Fares" SupplierCode="FR"><air:FareRuleKey FareInfoRef="D14ve24R2BKAI9K7DAAAAA==" ProviderCode="ACH">uuid-e4392232-9188-47c1-be48-511186440fcd</air:FareRuleKey><air:Brand Key="D14ve24R2BKAGBL7DAAAAA==" BrandID="20862" UpSellBrandID="20864"><air:UpsellBrand FareBasis="A1LLSR" FareInfoRef="D14ve24R2BKAB+K7DAAAAA==" /></air:Brand></air:FareInfo><air:FareInfo Key="D14ve24R2BKAJ9K7DAAAAA==" FareBasis="AZ1LOW" PassengerTypeCode="CHD" Origin="LTN" Destination="CPH" EffectiveDate="2017-08-06T16:02:48.000+02:00" Amount="GBP25.99" PromotionalFare="false" FareFamily="Lowest Available Fares" SupplierCode="FR"><air:FareRuleKey FareInfoRef="D14ve24R2BKAJ9K7DAAAAA==" ProviderCode="ACH">uuid-616c4e36-7b24-4a57-a866-e86db6ae0d6c</air:FareRuleKey><air:Brand Key="D14ve24R2BKAIBL7DAAAAA==" BrandID="20862" UpSellBrandID="20864"><air:UpsellBrand FareBasis="A1LLSR" FareInfoRef="D14ve24R2BKAC+K7DAAAAA==" /></air:Brand></air:FareInfo><air:FareInfo Key="D14ve24R2BKAZ9K7DAAAAA==" FareBasis="AZ1LOW" PassengerTypeCode="INF" Origin="LTN" Destination="CPH" EffectiveDate="2017-08-06T16:02:48.000+02:00" Amount="GBP0.00" PromotionalFare="false" FareFamily="Lowest Available Fares" SupplierCode="FR"><air:FareRuleKey FareInfoRef="D14ve24R2BKAZ9K7DAAAAA==" ProviderCode="ACH">uuid-d365f25b-5313-4b87-8d1d-26646d453ac9</air:FareRuleKey><air:Brand Key="D14ve24R2BKAKBL7DAAAAA==" BrandID="20862" UpSellBrandID="20864"><air:UpsellBrand FareBasis="A1LLSR" FareInfoRef="D14ve24R2BKAS+K7DAAAAA==" /></air:Brand></air:FareInfo><air:FareInfo Key="D14ve24R2BKAb9K7DAAAAA==" FareBasis="AZ1LOW" PassengerTypeCode="INF" Origin="LTN" Destination="CPH" EffectiveDate="2017-08-06T16:02:48.000+02:00" Amount="GBP0.00" PromotionalFare="false" FareFamily="Lowest Available Fares" SupplierCode="FR"><air:FareRuleKey FareInfoRef="D14ve24R2BKAb9K7DAAAAA==" ProviderCode="ACH">uuid-1f6d7c7e-32be-4ce8-89e5-5918af6b764f</air:FareRuleKey><air:Brand Key="D14ve24R2BKAMBL7DAAAAA==" BrandID="20862" UpSellBrandID="20864"><air:UpsellBrand FareBasis="A1LLSR" FareInfoRef="D14ve24R2BKAU+K7DAAAAA==" /></air:Brand></air:FareInfo><air:FareInfo Key="D14ve24R2BKAc9K7DAAAAA==" FareBasis="AZ1LOW" PassengerTypeCode="INF" Origin="LTN" Destination="CPH" EffectiveDate="2017-08-06T16:02:48.000+02:00" Amount="GBP0.00" PromotionalFare="false" FareFamily="Lowest Available Fares" SupplierCode="FR"><air:FareRuleKey FareInfoRef="D14ve24R2BKAc9K7DAAAAA==" ProviderCode="ACH">uuid-1965f6ae-99ef-466b-8740-8e09f049148e</air:FareRuleKey><air:Brand Key="D14ve24R2BKAOBL7DAAAAA==" BrandID="20862" UpSellBrandID="20864"><air:UpsellBrand FareBasis="A1LLSR" FareInfoRef="D14ve24R2BKAV+K7DAAAAA==" /></air:Brand></air:FareInfo><air:FareInfo Key="D14ve24R2BKA18K7DAAAAA==" FareBasis="AZ1LOW" PassengerTypeCode="ADT" Origin="CPH" Destination="LTN" EffectiveDate="2017-08-06T16:02:48.000+02:00" Amount="GBP25.99" PromotionalFare="false" FareFamily="Lowest Available Fares" SupplierCode="FR"><air:FareRuleKey FareInfoRef="D14ve24R2BKA18K7DAAAAA==" ProviderCode="ACH">uuid-8dff7798-5106-4ef2-9dc7-70c4007948bd</air:FareRuleKey><air:Brand Key="D14ve24R2BKAQBL7DAAAAA==" BrandID="20862" UpSellBrandID="20864"><air:UpsellBrand FareBasis="A1LLSR" FareInfoRef="D14ve24R2BKAw9K7DAAAAA==" /></air:Brand></air:FareInfo><air:FareInfo Key="D14ve24R2BKA28K7DAAAAA==" FareBasis="AZ1LOW" PassengerTypeCode="ADT" Origin="CPH" Destination="LTN" EffectiveDate="2017-08-06T16:02:48.000+02:00" Amount="GBP25.99" PromotionalFare="false" FareFamily="Lowest Available Fares" SupplierCode="FR"><air:FareRuleKey FareInfoRef="D14ve24R2BKA28K7DAAAAA==" ProviderCode="ACH">uuid-01fa8f54-6516-46d0-b94a-63108e94f04c</air:FareRuleKey><air:Brand Key="D14ve24R2BKASBL7DAAAAA==" BrandID="20862" UpSellBrandID="20864"><air:UpsellBrand FareBasis="A1LLSR" FareInfoRef="D14ve24R2BKAx9K7DAAAAA==" /></air:Brand></air:FareInfo><air:FareInfo Key="D14ve24R2BKA38K7DAAAAA==" FareBasis="AZ1LOW" PassengerTypeCode="ADT" Origin="CPH" Destination="LTN" EffectiveDate="2017-08-06T16:02:48.000+02:00" Amount="GBP25.99" PromotionalFare="false" FareFamily="Lowest Available Fares" SupplierCode="FR"><air:FareRuleKey FareInfoRef="D14ve24R2BKA38K7DAAAAA==" ProviderCode="ACH">uuid-e8b9abb4-17ad-463e-8001-840ca25fd3ec</air:FareRuleKey><air:Brand Key="D14ve24R2BKAUBL7DAAAAA==" BrandID="20862" UpSellBrandID="20864"><air:UpsellBrand FareBasis="A1LLSR" FareInfoRef="D14ve24R2BKAy9K7DAAAAA==" /></air:Brand></air:FareInfo><air:FareInfo Key="D14ve24R2BKAK9K7DAAAAA==" FareBasis="AZ1LOW" PassengerTypeCode="CHD" Origin="CPH" Destination="LTN" EffectiveDate="2017-08-06T16:02:48.000+02:00" Amount="GBP25.99" PromotionalFare="false" FareFamily="Lowest Available Fares" SupplierCode="FR"><air:FareRuleKey FareInfoRef="D14ve24R2BKAK9K7DAAAAA==" ProviderCode="ACH">uuid-b5117031-444d-4501-88ef-f4ba4ca856a4</air:FareRuleKey><air:Brand Key="D14ve24R2BKAWBL7DAAAAA==" BrandID="20862" UpSellBrandID="20864"><air:UpsellBrand FareBasis="A1LLSR" FareInfoRef="D14ve24R2BKAD+K7DAAAAA==" /></air:Brand></air:FareInfo><air:FareInfo Key="D14ve24R2BKAL9K7DAAAAA==" FareBasis="AZ1LOW" PassengerTypeCode="CHD" Origin="CPH" Destination="LTN" EffectiveDate="2017-08-06T16:02:48.000+02:00" Amount="GBP25.99" PromotionalFare="false" FareFamily="Lowest Available Fares" SupplierCode="FR"><air:FareRuleKey FareInfoRef="D14ve24R2BKAL9K7DAAAAA==" ProviderCode="ACH">uuid-777f83a5-348d-4252-9c4d-adedbf436d6a</air:FareRuleKey><air:Brand Key="D14ve24R2BKAYBL7DAAAAA==" BrandID="20862" UpSellBrandID="20864"><air:UpsellBrand FareBasis="A1LLSR" FareInfoRef="D14ve24R2BKAE+K7DAAAAA==" /></air:Brand></air:FareInfo><air:FareInfo Key="D14ve24R2BKAM9K7DAAAAA==" FareBasis="AZ1LOW" PassengerTypeCode="CHD" Origin="CPH" Destination="LTN" EffectiveDate="2017-08-06T16:02:48.000+02:00" Amount="GBP25.99" PromotionalFare="false" FareFamily="Lowest Available Fares" SupplierCode="FR"><air:FareRuleKey FareInfoRef="D14ve24R2BKAM9K7DAAAAA==" ProviderCode="ACH">uuid-6de7b9fa-552f-4a0a-8ade-97bdd747bffc</air:FareRuleKey><air:Brand Key="D14ve24R2BKAaBL7DAAAAA==" BrandID="20862" UpSellBrandID="20864"><air:UpsellBrand FareBasis="A1LLSR" FareInfoRef="D14ve24R2BKAF+K7DAAAAA==" /></air:Brand></air:FareInfo><air:FareInfo Key="D14ve24R2BKAd9K7DAAAAA==" FareBasis="AZ1LOW" PassengerTypeCode="INF" Origin="CPH" Destination="LTN" EffectiveDate="2017-08-06T16:02:48.000+02:00" Amount="GBP0.00" PromotionalFare="false" FareFamily="Lowest Available Fares" SupplierCode="FR"><air:FareRuleKey FareInfoRef="D14ve24R2BKAd9K7DAAAAA==" ProviderCode="ACH">uuid-c1282839-41b5-4e6e-b002-d81bfb32b713</air:FareRuleKey><air:Brand Key="D14ve24R2BKAcBL7DAAAAA==" BrandID="20862" UpSellBrandID="20864"><air:UpsellBrand FareBasis="A1LLSR" FareInfoRef="D14ve24R2BKAW+K7DAAAAA==" /></air:Brand></air:FareInfo><air:FareInfo Key="D14ve24R2BKAe9K7DAAAAA==" FareBasis="AZ1LOW" PassengerTypeCode="INF" Origin="CPH" Destination="LTN" EffectiveDate="2017-08-06T16:02:48.000+02:00" Amount="GBP0.00" PromotionalFare="false" FareFamily="Lowest Available Fares" SupplierCode="FR"><air:FareRuleKey FareInfoRef="D14ve24R2BKAe9K7DAAAAA==" ProviderCode="ACH">uuid-22925b5f-022f-4695-aa02-6e4a8d6573c2</air:FareRuleKey><air:Brand Key="D14ve24R2BKAeBL7DAAAAA==" BrandID="20862" UpSellBrandID="20864"><air:UpsellBrand FareBasis="A1LLSR" FareInfoRef="D14ve24R2BKAX+K7DAAAAA==" /></air:Brand></air:FareInfo><air:FareInfo Key="D14ve24R2BKAf9K7DAAAAA==" FareBasis="AZ1LOW" PassengerTypeCode="INF" Origin="CPH" Destination="LTN" EffectiveDate="2017-08-06T16:02:48.000+02:00" Amount="GBP0.00" PromotionalFare="false" FareFamily="Lowest Available Fares" SupplierCode="FR"><air:FareRuleKey FareInfoRef="D14ve24R2BKAf9K7DAAAAA==" ProviderCode="ACH">uuid-2d25fd53-c9cb-4f4d-b4ac-ef37306e915b</air:FareRuleKey><air:Brand Key="D14ve24R2BKAgBL7DAAAAA==" BrandID="20862" UpSellBrandID="20864"><air:UpsellBrand FareBasis="A1LLSR" FareInfoRef="D14ve24R2BKAY+K7DAAAAA==" /></air:Brand></air:FareInfo><air:FareInfo Key="D14ve24R2BKAs9K7DAAAAA==" FareBasis="A1LLSR" PassengerTypeCode="ADT" Origin="LTN" Destination="CPH" EffectiveDate="2017-08-06T16:02:48.000+02:00" Amount="GBP55.99" PromotionalFare="false" FareFamily="Leisure Plus" SupplierCode="FR"><air:FareRuleKey FareInfoRef="D14ve24R2BKAs9K7DAAAAA==" ProviderCode="ACH">uuid-fc7c85da-2454-4363-b2a2-f35e12eefd2c</air:FareRuleKey><air:Brand Key="D14ve24R2BKAiBL7DAAAAA==" BrandID="20864" UpSellBrandID="20863"><air:UpsellBrand FareBasis="A1LBUS" FareInfoRef="D14ve24R2BKAl+K7DAAAAA==" /></air:Brand></air:FareInfo><air:FareInfo Key="D14ve24R2BKAu9K7DAAAAA==" FareBasis="A1LLSR" PassengerTypeCode="ADT" Origin="LTN" Destination="CPH" EffectiveDate="2017-08-06T16:02:48.000+02:00" Amount="GBP55.99" PromotionalFare="false" FareFamily="Leisure Plus" SupplierCode="FR"><air:FareRuleKey FareInfoRef="D14ve24R2BKAu9K7DAAAAA==" ProviderCode="ACH">uuid-bed9a571-b2b7-4f69-a7c7-ccba2ace1b31</air:FareRuleKey><air:Brand Key="D14ve24R2BKAkBL7DAAAAA==" BrandID="20864" UpSellBrandID="20863"><air:UpsellBrand FareBasis="A1LBUS" FareInfoRef="D14ve24R2BKAn+K7DAAAAA==" /></air:Brand></air:FareInfo><air:FareInfo Key="D14ve24R2BKAv9K7DAAAAA==" FareBasis="A1LLSR" PassengerTypeCode="ADT" Origin="LTN" Destination="CPH" EffectiveDate="2017-08-06T16:02:48.000+02:00" Amount="GBP55.99" PromotionalFare="false" FareFamily="Leisure Plus" SupplierCode="FR"><air:FareRuleKey FareInfoRef="D14ve24R2BKAv9K7DAAAAA==" ProviderCode="ACH">uuid-46597076-1d1c-4d79-9211-2b132ffe8ce5</air:FareRuleKey><air:Brand Key="D14ve24R2BKAmBL7DAAAAA==" BrandID="20864" UpSellBrandID="20863"><air:UpsellBrand FareBasis="A1LBUS" FareInfoRef="D14ve24R2BKAo+K7DAAAAA==" /></air:Brand></air:FareInfo><air:FareInfo Key="D14ve24R2BKA/9K7DAAAAA==" FareBasis="A1LLSR" PassengerTypeCode="CHD" Origin="LTN" Destination="CPH" EffectiveDate="2017-08-06T16:02:48.000+02:00" Amount="GBP55.99" PromotionalFare="false" FareFamily="Leisure Plus" SupplierCode="FR"><air:FareRuleKey FareInfoRef="D14ve24R2BKA/9K7DAAAAA==" ProviderCode="ACH">uuid-177d5eec-b85b-45e7-95a3-3c67170e932c</air:FareRuleKey><air:Brand Key="D14ve24R2BKAoBL7DAAAAA==" BrandID="20864" UpSellBrandID="20863"><air:UpsellBrand FareBasis="A1LBUS" FareInfoRef="D14ve24R2BKA4+K7DAAAAA==" /></air:Brand></air:FareInfo><air:FareInfo Key="D14ve24R2BKAB+K7DAAAAA==" FareBasis="A1LLSR" PassengerTypeCode="CHD" Origin="LTN" Destination="CPH" EffectiveDate="2017-08-06T16:02:48.000+02:00" Amount="GBP55.99" PromotionalFare="false" FareFamily="Leisure Plus" SupplierCode="FR"><air:FareRuleKey FareInfoRef="D14ve24R2BKAB+K7DAAAAA==" ProviderCode="ACH">uuid-9a74ef45-d999-4ffb-8fb8-43e7b5f99c33</air:FareRuleKey><air:Brand Key="D14ve24R2BKAqBL7DAAAAA==" BrandID="20864" UpSellBrandID="20863"><air:UpsellBrand FareBasis="A1LBUS" FareInfoRef="D14ve24R2BKA6+K7DAAAAA==" /></air:Brand></air:FareInfo><air:FareInfo Key="D14ve24R2BKAC+K7DAAAAA==" FareBasis="A1LLSR" PassengerTypeCode="CHD" Origin="LTN" Destination="CPH" EffectiveDate="2017-08-06T16:02:48.000+02:00" Amount="GBP55.99" PromotionalFare="false" FareFamily="Leisure Plus" SupplierCode="FR"><air:FareRuleKey FareInfoRef="D14ve24R2BKAC+K7DAAAAA==" ProviderCode="ACH">uuid-ae369783-0493-4d8b-a3dc-f72e2be10391</air:FareRuleKey><air:Brand Key="D14ve24R2BKAsBL7DAAAAA==" BrandID="20864" UpSellBrandID="20863"><air:UpsellBrand FareBasis="A1LBUS" FareInfoRef="D14ve24R2BKA7+K7DAAAAA==" /></air:Brand></air:FareInfo><air:FareInfo Key="D14ve24R2BKAS+K7DAAAAA==" FareBasis="A1LLSR" PassengerTypeCode="INF" Origin="LTN" Destination="CPH" EffectiveDate="2017-08-06T16:02:48.000+02:00" Amount="GBP0.00" PromotionalFare="false" FareFamily="Leisure Plus" SupplierCode="FR"><air:FareRuleKey FareInfoRef="D14ve24R2BKAS+K7DAAAAA==" ProviderCode="ACH">uuid-5134f9b6-fd22-4932-bf7c-14da4cc64221</air:FareRuleKey><air:Brand Key="D14ve24R2BKAuBL7DAAAAA==" BrandID="20864" UpSellBrandID="20863"><air:UpsellBrand FareBasis="A1LBUS" FareInfoRef="D14ve24R2BKAL/K7DAAAAA==" /></air:Brand></air:FareInfo><air:FareInfo Key="D14ve24R2BKAU+K7DAAAAA==" FareBasis="A1LLSR" PassengerTypeCode="INF" Origin="LTN" Destination="CPH" EffectiveDate="2017-08-06T16:02:48.000+02:00" Amount="GBP0.00" PromotionalFare="false" FareFamily="Leisure Plus" SupplierCode="FR"><air:FareRuleKey FareInfoRef="D14ve24R2BKAU+K7DAAAAA==" ProviderCode="ACH">uuid-7f402f0a-a60d-4f8a-a803-48d80c9b1908</air:FareRuleKey><air:Brand Key="D14ve24R2BKAwBL7DAAAAA==" BrandID="20864" UpSellBrandID="20863"><air:UpsellBrand FareBasis="A1LBUS" FareInfoRef="D14ve24R2BKAN/K7DAAAAA==" /></air:Brand></air:FareInfo><air:FareInfo Key="D14ve24R2BKAV+K7DAAAAA==" FareBasis="A1LLSR" PassengerTypeCode="INF" Origin="LTN" Destination="CPH" EffectiveDate="2017-08-06T16:02:48.000+02:00" Amount="GBP0.00" PromotionalFare="false" FareFamily="Leisure Plus" SupplierCode="FR"><air:FareRuleKey FareInfoRef="D14ve24R2BKAV+K7DAAAAA==" ProviderCode="ACH">uuid-61a9cc3f-f99f-4774-9373-c1076518baf5</air:FareRuleKey><air:Brand Key="D14ve24R2BKAyBL7DAAAAA==" BrandID="20864" UpSellBrandID="20863"><air:UpsellBrand FareBasis="A1LBUS" FareInfoRef="D14ve24R2BKAO/K7DAAAAA==" /></air:Brand></air:FareInfo><air:FareInfo Key="D14ve24R2BKAw9K7DAAAAA==" FareBasis="A1LLSR" PassengerTypeCode="ADT" Origin="CPH" Destination="LTN" EffectiveDate="2017-08-06T16:02:48.000+02:00" Amount="GBP55.99" PromotionalFare="false" FareFamily="Leisure Plus" SupplierCode="FR"><air:FareRuleKey FareInfoRef="D14ve24R2BKAw9K7DAAAAA==" ProviderCode="ACH">uuid-7b94434d-52f0-4962-9047-675787e3cd04</air:FareRuleKey><air:Brand Key="D14ve24R2BKA0BL7DAAAAA==" BrandID="20864" UpSellBrandID="20863"><air:UpsellBrand FareBasis="A1LBUS" FareInfoRef="D14ve24R2BKAp+K7DAAAAA==" /></air:Brand></air:FareInfo><air:FareInfo Key="D14ve24R2BKAx9K7DAAAAA==" FareBasis="A1LLSR" PassengerTypeCode="ADT" Origin="CPH" Destination="LTN" EffectiveDate="2017-08-06T16:02:48.000+02:00" Amount="GBP55.99" PromotionalFare="false" FareFamily="Leisure Plus" SupplierCode="FR"><air:FareRuleKey FareInfoRef="D14ve24R2BKAx9K7DAAAAA==" ProviderCode="ACH">uuid-62bfbd26-7b4d-450a-b2f6-5a710a468b95</air:FareRuleKey><air:Brand Key="D14ve24R2BKA2BL7DAAAAA==" BrandID="20864" UpSellBrandID="20863"><air:UpsellBrand FareBasis="A1LBUS" FareInfoRef="D14ve24R2BKAq+K7DAAAAA==" /></air:Brand></air:FareInfo><air:FareInfo Key="D14ve24R2BKAy9K7DAAAAA==" FareBasis="A1LLSR" PassengerTypeCode="ADT" Origin="CPH" Destination="LTN" EffectiveDate="2017-08-06T16:02:48.000+02:00" Amount="GBP55.99" PromotionalFare="false" FareFamily="Leisure Plus" SupplierCode="FR"><air:FareRuleKey FareInfoRef="D14ve24R2BKAy9K7DAAAAA==" ProviderCode="ACH">uuid-df85b00e-e09e-428b-9d91-92c3132bc17a</air:FareRuleKey><air:Brand Key="D14ve24R2BKA4BL7DAAAAA==" BrandID="20864" UpSellBrandID="20863"><air:UpsellBrand FareBasis="A1LBUS" FareInfoRef="D14ve24R2BKAr+K7DAAAAA==" /></air:Brand></air:FareInfo><air:FareInfo Key="D14ve24R2BKAD+K7DAAAAA==" FareBasis="A1LLSR" PassengerTypeCode="CHD" Origin="CPH" Destination="LTN" EffectiveDate="2017-08-06T16:02:48.000+02:00" Amount="GBP55.99" PromotionalFare="false" FareFamily="Leisure Plus" SupplierCode="FR"><air:FareRuleKey FareInfoRef="D14ve24R2BKAD+K7DAAAAA==" ProviderCode="ACH">uuid-8d8f9645-de66-4935-a2a0-d81bdd849bf0</air:FareRuleKey><air:Brand Key="D14ve24R2BKA6BL7DAAAAA==" BrandID="20864" UpSellBrandID="20863"><air:UpsellBrand FareBasis="A1LBUS" FareInfoRef="D14ve24R2BKA8+K7DAAAAA==" /></air:Brand></air:FareInfo><air:FareInfo Key="D14ve24R2BKAE+K7DAAAAA==" FareBasis="A1LLSR" PassengerTypeCode="CHD" Origin="CPH" Destination="LTN" EffectiveDate="2017-08-06T16:02:48.000+02:00" Amount="GBP55.99" PromotionalFare="false" FareFamily="Leisure Plus" SupplierCode="FR"><air:FareRuleKey FareInfoRef="D14ve24R2BKAE+K7DAAAAA==" ProviderCode="ACH">uuid-3da28e45-9e93-4210-a020-52bbd1d16c17</air:FareRuleKey><air:Brand Key="D14ve24R2BKA8BL7DAAAAA==" BrandID="20864" UpSellBrandID="20863"><air:UpsellBrand FareBasis="A1LBUS" FareInfoRef="D14ve24R2BKA9+K7DAAAAA==" /></air:Brand></air:FareInfo><air:FareInfo Key="D14ve24R2BKAF+K7DAAAAA==" FareBasis="A1LLSR" PassengerTypeCode="CHD" Origin="CPH" Destination="LTN" EffectiveDate="2017-08-06T16:02:48.000+02:00" Amount="GBP55.99" PromotionalFare="false" FareFamily="Leisure Plus" SupplierCode="FR"><air:FareRuleKey FareInfoRef="D14ve24R2BKAF+K7DAAAAA==" ProviderCode="ACH">uuid-1202ad84-c896-4ece-bdae-75b3db070d24</air:FareRuleKey><air:Brand Key="D14ve24R2BKA+BL7DAAAAA==" BrandID="20864" UpSellBrandID="20863"><air:UpsellBrand FareBasis="A1LBUS" FareInfoRef="D14ve24R2BKA++K7DAAAAA==" /></air:Brand></air:FareInfo><air:FareInfo Key="D14ve24R2BKAW+K7DAAAAA==" FareBasis="A1LLSR" PassengerTypeCode="INF" Origin="CPH" Destination="LTN" EffectiveDate="2017-08-06T16:02:48.000+02:00" Amount="GBP0.00" PromotionalFare="false" FareFamily="Leisure Plus" SupplierCode="FR"><air:FareRuleKey FareInfoRef="D14ve24R2BKAW+K7DAAAAA==" ProviderCode="ACH">uuid-772a3242-1d29-4b2f-8150-faf9e44ed190</air:FareRuleKey><air:Brand Key="D14ve24R2BKAACL7DAAAAA==" BrandID="20864" UpSellBrandID="20863"><air:UpsellBrand FareBasis="A1LBUS" FareInfoRef="D14ve24R2BKAP/K7DAAAAA==" /></air:Brand></air:FareInfo><air:FareInfo Key="D14ve24R2BKAX+K7DAAAAA==" FareBasis="A1LLSR" PassengerTypeCode="INF" Origin="CPH" Destination="LTN" EffectiveDate="2017-08-06T16:02:48.000+02:00" Amount="GBP0.00" PromotionalFare="false" FareFamily="Leisure Plus" SupplierCode="FR"><air:FareRuleKey FareInfoRef="D14ve24R2BKAX+K7DAAAAA==" ProviderCode="ACH">uuid-5b712371-3097-455d-afb7-d7e70461e44c</air:FareRuleKey><air:Brand Key="D14ve24R2BKACCL7DAAAAA==" BrandID="20864" UpSellBrandID="20863"><air:UpsellBrand FareBasis="A1LBUS" FareInfoRef="D14ve24R2BKAQ/K7DAAAAA==" /></air:Brand></air:FareInfo><air:FareInfo Key="D14ve24R2BKAY+K7DAAAAA==" FareBasis="A1LLSR" PassengerTypeCode="INF" Origin="CPH" Destination="LTN" EffectiveDate="2017-08-06T16:02:48.000+02:00" Amount="GBP0.00" PromotionalFare="false" FareFamily="Leisure Plus" SupplierCode="FR"><air:FareRuleKey FareInfoRef="D14ve24R2BKAY+K7DAAAAA==" ProviderCode="ACH">uuid-23ed66bc-1b43-4abf-bcd9-0821705d3c34</air:FareRuleKey><air:Brand Key="D14ve24R2BKAECL7DAAAAA==" BrandID="20864" UpSellBrandID="20863"><air:UpsellBrand FareBasis="A1LBUS" FareInfoRef="D14ve24R2BKAR/K7DAAAAA==" /></air:Brand></air:FareInfo><air:FareInfo Key="D14ve24R2BKAl+K7DAAAAA==" FareBasis="A1LBUS" PassengerTypeCode="ADT" Origin="LTN" Destination="CPH" EffectiveDate="2017-08-06T16:02:48.000+02:00" Amount="GBP125.99" PromotionalFare="false" FareFamily="Business Traveller Fares" SupplierCode="FR"><air:FareRuleKey FareInfoRef="D14ve24R2BKAl+K7DAAAAA==" ProviderCode="ACH">uuid-7db6797f-d09d-4cba-a4f0-11ff50246742</air:FareRuleKey><air:Brand Key="D14ve24R2BKAGCL7DAAAAA==" BrandID="20863" UpSellBrandFound="false" /></air:FareInfo><air:FareInfo Key="D14ve24R2BKAn+K7DAAAAA==" FareBasis="A1LBUS" PassengerTypeCode="ADT" Origin="LTN" Destination="CPH" EffectiveDate="2017-08-06T16:02:48.000+02:00" Amount="GBP125.99" PromotionalFare="false" FareFamily="Business Traveller Fares" SupplierCode="FR"><air:FareRuleKey FareInfoRef="D14ve24R2BKAn+K7DAAAAA==" ProviderCode="ACH">uuid-e7ffb155-5507-47cc-9cfd-3d2782a86349</air:FareRuleKey><air:Brand Key="D14ve24R2BKAICL7DAAAAA==" BrandID="20863" UpSellBrandFound="false" /></air:FareInfo><air:FareInfo Key="D14ve24R2BKAo+K7DAAAAA==" FareBasis="A1LBUS" PassengerTypeCode="ADT" Origin="LTN" Destination="CPH" EffectiveDate="2017-08-06T16:02:48.000+02:00" Amount="GBP125.99" PromotionalFare="false" FareFamily="Business Traveller Fares" SupplierCode="FR"><air:FareRuleKey FareInfoRef="D14ve24R2BKAo+K7DAAAAA==" ProviderCode="ACH">uuid-f0acfcab-e0c7-46d4-b168-b6693a0c5c28</air:FareRuleKey><air:Brand Key="D14ve24R2BKAKCL7DAAAAA==" BrandID="20863" UpSellBrandFound="false" /></air:FareInfo><air:FareInfo Key="D14ve24R2BKA4+K7DAAAAA==" FareBasis="A1LBUS" PassengerTypeCode="CHD" Origin="LTN" Destination="CPH" EffectiveDate="2017-08-06T16:02:48.000+02:00" Amount="GBP125.99" PromotionalFare="false" FareFamily="Business Traveller Fares" SupplierCode="FR"><air:FareRuleKey FareInfoRef="D14ve24R2BKA4+K7DAAAAA==" ProviderCode="ACH">uuid-46085bca-22b1-4642-bfc9-84de6444cee8</air:FareRuleKey><air:Brand Key="D14ve24R2BKAMCL7DAAAAA==" BrandID="20863" UpSellBrandFound="false" /></air:FareInfo><air:FareInfo Key="D14ve24R2BKA6+K7DAAAAA==" FareBasis="A1LBUS" PassengerTypeCode="CHD" Origin="LTN" Destination="CPH" EffectiveDate="2017-08-06T16:02:48.000+02:00" Amount="GBP125.99" PromotionalFare="false" FareFamily="Business Traveller Fares" SupplierCode="FR"><air:FareRuleKey FareInfoRef="D14ve24R2BKA6+K7DAAAAA==" ProviderCode="ACH">uuid-56d42831-b7f9-440e-ac78-4d0ccf7b5be1</air:FareRuleKey><air:Brand Key="D14ve24R2BKAOCL7DAAAAA==" BrandID="20863" UpSellBrandFound="false" /></air:FareInfo><air:FareInfo Key="D14ve24R2BKA7+K7DAAAAA==" FareBasis="A1LBUS" PassengerTypeCode="CHD" Origin="LTN" Destination="CPH" EffectiveDate="2017-08-06T16:02:48.000+02:00" Amount="GBP125.99" PromotionalFare="false" FareFamily="Business Traveller Fares" SupplierCode="FR"><air:FareRuleKey FareInfoRef="D14ve24R2BKA7+K7DAAAAA==" ProviderCode="ACH">uuid-71f7e43b-83ee-4654-af05-48c2aeece443</air:FareRuleKey><air:Brand Key="D14ve24R2BKAQCL7DAAAAA==" BrandID="20863" UpSellBrandFound="false" /></air:FareInfo><air:FareInfo Key="D14ve24R2BKAL/K7DAAAAA==" FareBasis="A1LBUS" PassengerTypeCode="INF" Origin="LTN" Destination="CPH" EffectiveDate="2017-08-06T16:02:48.000+02:00" Amount="GBP0.00" PromotionalFare="false" FareFamily="Business Traveller Fares" SupplierCode="FR"><air:FareRuleKey FareInfoRef="D14ve24R2BKAL/K7DAAAAA==" ProviderCode="ACH">uuid-78786d92-0151-45ce-ac2c-9125eef758db</air:FareRuleKey><air:Brand Key="D14ve24R2BKASCL7DAAAAA==" BrandID="20863" UpSellBrandFound="false" /></air:FareInfo><air:FareInfo Key="D14ve24R2BKAN/K7DAAAAA==" FareBasis="A1LBUS" PassengerTypeCode="INF" Origin="LTN" Destination="CPH" EffectiveDate="2017-08-06T16:02:48.000+02:00" Amount="GBP0.00" PromotionalFare="false" FareFamily="Business Traveller Fares" SupplierCode="FR"><air:FareRuleKey FareInfoRef="D14ve24R2BKAN/K7DAAAAA==" ProviderCode="ACH">uuid-42a6e136-ccfc-41a7-9718-a3fcc5e9bec6</air:FareRuleKey><air:Brand Key="D14ve24R2BKAUCL7DAAAAA==" BrandID="20863" UpSellBrandFound="false" /></air:FareInfo><air:FareInfo Key="D14ve24R2BKAO/K7DAAAAA==" FareBasis="A1LBUS" PassengerTypeCode="INF" Origin="LTN" Destination="CPH" EffectiveDate="2017-08-06T16:02:48.000+02:00" Amount="GBP0.00" PromotionalFare="false" FareFamily="Business Traveller Fares" SupplierCode="FR"><air:FareRuleKey FareInfoRef="D14ve24R2BKAO/K7DAAAAA==" ProviderCode="ACH">uuid-6838edb5-9949-4061-8489-07a315285c73</air:FareRuleKey><air:Brand Key="D14ve24R2BKAWCL7DAAAAA==" BrandID="20863" UpSellBrandFound="false" /></air:FareInfo><air:FareInfo Key="D14ve24R2BKAp+K7DAAAAA==" FareBasis="A1LBUS" PassengerTypeCode="ADT" Origin="CPH" Destination="LTN" EffectiveDate="2017-08-06T16:02:48.000+02:00" Amount="GBP125.99" PromotionalFare="false" FareFamily="Business Traveller Fares" SupplierCode="FR"><air:FareRuleKey FareInfoRef="D14ve24R2BKAp+K7DAAAAA==" ProviderCode="ACH">uuid-5e4fd287-5898-4830-b2a0-36df06e8ea32</air:FareRuleKey><air:Brand Key="D14ve24R2BKAYCL7DAAAAA==" BrandID="20863" UpSellBrandFound="false" /></air:FareInfo><air:FareInfo Key="D14ve24R2BKAq+K7DAAAAA==" FareBasis="A1LBUS" PassengerTypeCode="ADT" Origin="CPH" Destination="LTN" EffectiveDate="2017-08-06T16:02:48.000+02:00" Amount="GBP125.99" PromotionalFare="false" FareFamily="Business Traveller Fares" SupplierCode="FR"><air:FareRuleKey FareInfoRef="D14ve24R2BKAq+K7DAAAAA==" ProviderCode="ACH">uuid-32bb7ca4-3f25-4d97-b0a3-2300dd58f14d</air:FareRuleKey><air:Brand Key="D14ve24R2BKAaCL7DAAAAA==" BrandID="20863" UpSellBrandFound="false" /></air:FareInfo><air:FareInfo Key="D14ve24R2BKAr+K7DAAAAA==" FareBasis="A1LBUS" PassengerTypeCode="ADT" Origin="CPH" Destination="LTN" EffectiveDate="2017-08-06T16:02:48.000+02:00" Amount="GBP125.99" PromotionalFare="false" FareFamily="Business Traveller Fares" SupplierCode="FR"><air:FareRuleKey FareInfoRef="D14ve24R2BKAr+K7DAAAAA==" ProviderCode="ACH">uuid-f32d90ab-e3d6-4036-abd0-b45a6881aa08</air:FareRuleKey><air:Brand Key="D14ve24R2BKAcCL7DAAAAA==" BrandID="20863" UpSellBrandFound="false" /></air:FareInfo><air:FareInfo Key="D14ve24R2BKA8+K7DAAAAA==" FareBasis="A1LBUS" PassengerTypeCode="CHD" Origin="CPH" Destination="LTN" EffectiveDate="2017-08-06T16:02:48.000+02:00" Amount="GBP125.99" PromotionalFare="false" FareFamily="Business Traveller Fares" SupplierCode="FR"><air:FareRuleKey FareInfoRef="D14ve24R2BKA8+K7DAAAAA==" ProviderCode="ACH">uuid-ff74b1a9-8df8-4f14-98a2-a6dcfdc9921f</air:FareRuleKey><air:Brand Key="D14ve24R2BKAeCL7DAAAAA==" BrandID="20863" UpSellBrandFound="false" /></air:FareInfo><air:FareInfo Key="D14ve24R2BKA9+K7DAAAAA==" FareBasis="A1LBUS" PassengerTypeCode="CHD" Origin="CPH" Destination="LTN" EffectiveDate="2017-08-06T16:02:48.000+02:00" Amount="GBP125.99" PromotionalFare="false" FareFamily="Business Traveller Fares" SupplierCode="FR"><air:FareRuleKey FareInfoRef="D14ve24R2BKA9+K7DAAAAA==" ProviderCode="ACH">uuid-76320f16-7691-4ca8-90b0-f8bbeb076f22</air:FareRuleKey><air:Brand Key="D14ve24R2BKAgCL7DAAAAA==" BrandID="20863" UpSellBrandFound="false" /></air:FareInfo><air:FareInfo Key="D14ve24R2BKA++K7DAAAAA==" FareBasis="A1LBUS" PassengerTypeCode="CHD" Origin="CPH" Destination="LTN" EffectiveDate="2017-08-06T16:02:48.000+02:00" Amount="GBP125.99" PromotionalFare="false" FareFamily="Business Traveller Fares" SupplierCode="FR"><air:FareRuleKey FareInfoRef="D14ve24R2BKA++K7DAAAAA==" ProviderCode="ACH">uuid-22d70402-2d30-4d98-8eb2-14a5ebcd3126</air:FareRuleKey><air:Brand Key="D14ve24R2BKAiCL7DAAAAA==" BrandID="20863" UpSellBrandFound="false" /></air:FareInfo><air:FareInfo Key="D14ve24R2BKAP/K7DAAAAA==" FareBasis="A1LBUS" PassengerTypeCode="INF" Origin="CPH" Destination="LTN" EffectiveDate="2017-08-06T16:02:48.000+02:00" Amount="GBP0.00" PromotionalFare="false" FareFamily="Business Traveller Fares" SupplierCode="FR"><air:FareRuleKey FareInfoRef="D14ve24R2BKAP/K7DAAAAA==" ProviderCode="ACH">uuid-1c7b264f-815c-4e39-8628-03e0065018d4</air:FareRuleKey><air:Brand Key="D14ve24R2BKAkCL7DAAAAA==" BrandID="20863" UpSellBrandFound="false" /></air:FareInfo><air:FareInfo Key="D14ve24R2BKAQ/K7DAAAAA==" FareBasis="A1LBUS" PassengerTypeCode="INF" Origin="CPH" Destination="LTN" EffectiveDate="2017-08-06T16:02:48.000+02:00" Amount="GBP0.00" PromotionalFare="false" FareFamily="Business Traveller Fares" SupplierCode="FR"><air:FareRuleKey FareInfoRef="D14ve24R2BKAQ/K7DAAAAA==" ProviderCode="ACH">uuid-d19ae4e7-e99a-4976-9195-8d41fa1ec8d5</air:FareRuleKey><air:Brand Key="D14ve24R2BKAmCL7DAAAAA==" BrandID="20863" UpSellBrandFound="false" /></air:FareInfo><air:FareInfo Key="D14ve24R2BKAR/K7DAAAAA==" FareBasis="A1LBUS" PassengerTypeCode="INF" Origin="CPH" Destination="LTN" EffectiveDate="2017-08-06T16:02:48.000+02:00" Amount="GBP0.00" PromotionalFare="false" FareFamily="Business Traveller Fares" SupplierCode="FR"><air:FareRuleKey FareInfoRef="D14ve24R2BKAR/K7DAAAAA==" ProviderCode="ACH">uuid-8e853a08-7506-48db-afe5-7f32ffa10e78</air:FareRuleKey><air:Brand Key="D14ve24R2BKAoCL7DAAAAA==" BrandID="20863" UpSellBrandFound="false" /></air:FareInfo><air:FareInfo Key="D14ve24R2BKAe/K7DAAAAA==" FareBasis="Y" PassengerTypeCode="ADT" Origin="LGW" Destination="CPH" EffectiveDate="2017-08-06T16:02:48.000+02:00" Amount="GBP42.66" PromotionalFare="false" FareFamily="STANDARD FARE" SupplierCode="U2"><air:FareRuleKey FareInfoRef="D14ve24R2BKAe/K7DAAAAA==" ProviderCode="ACH">uuid-95a860f1-03a5-4ce2-8807-4483b61bb1cc</air:FareRuleKey><air:Brand Key="D14ve24R2BKAqCL7DAAAAA==" BrandID="26971" UpSellBrandID="26972"><air:UpsellBrand FareBasis="B" FareInfoRef="D14ve24R2BKA7/K7DAAAAA==" /></air:Brand></air:FareInfo><air:FareInfo Key="D14ve24R2BKAp/K7DAAAAA==" FareBasis="Y" PassengerTypeCode="CHD" Origin="LGW" Destination="CPH" EffectiveDate="2017-08-06T16:02:48.000+02:00" Amount="GBP42.66" PromotionalFare="false" FareFamily="STANDARD FARE" SupplierCode="U2"><air:FareRuleKey FareInfoRef="D14ve24R2BKAp/K7DAAAAA==" ProviderCode="ACH">uuid-1479d82b-9e21-4a33-b62c-643d19a22bbd</air:FareRuleKey><air:Brand Key="D14ve24R2BKAsCL7DAAAAA==" BrandID="26971" UpSellBrandID="26972"><air:UpsellBrand FareBasis="B" FareInfoRef="D14ve24R2BKAGAL7DAAAAA==" /></air:Brand></air:FareInfo><air:FareInfo Key="D14ve24R2BKA0/K7DAAAAA==" FareBasis="Y" PassengerTypeCode="INF" Origin="LGW" Destination="CPH" EffectiveDate="2017-08-06T16:02:48.000+02:00" Amount="GBP0.00" PromotionalFare="false" FareFamily="STANDARD FARE" SupplierCode="U2"><air:FareRuleKey FareInfoRef="D14ve24R2BKA0/K7DAAAAA==" ProviderCode="ACH">uuid-c3f7ccff-ff5d-4176-92a3-387884864b3f</air:FareRuleKey><air:Brand Key="D14ve24R2BKAuCL7DAAAAA==" BrandID="26971" UpSellBrandID="26972"><air:UpsellBrand FareBasis="B" FareInfoRef="D14ve24R2BKARAL7DAAAAA==" /></air:Brand></air:FareInfo><air:FareInfo Key="D14ve24R2BKAi/K7DAAAAA==" FareBasis="Y" PassengerTypeCode="ADT" Origin="CPH" Destination="LGW" EffectiveDate="2017-08-06T16:02:48.000+02:00" Amount="GBP33.99" PromotionalFare="false" FareFamily="STANDARD FARE" SupplierCode="U2"><air:FareRuleKey FareInfoRef="D14ve24R2BKAi/K7DAAAAA==" ProviderCode="ACH">uuid-0e7ee9d6-fb2e-4159-a6ab-386a11d576d9</air:FareRuleKey><air:Brand Key="D14ve24R2BKAwCL7DAAAAA==" BrandID="26971" UpSellBrandID="26972"><air:UpsellBrand FareBasis="B" FareInfoRef="D14ve24R2BKA//K7DAAAAA==" /></air:Brand></air:FareInfo><air:FareInfo Key="D14ve24R2BKAt/K7DAAAAA==" FareBasis="Y" PassengerTypeCode="CHD" Origin="CPH" Destination="LGW" EffectiveDate="2017-08-06T16:02:48.000+02:00" Amount="GBP33.99" PromotionalFare="false" FareFamily="STANDARD FARE" SupplierCode="U2"><air:FareRuleKey FareInfoRef="D14ve24R2BKAt/K7DAAAAA==" ProviderCode="ACH">uuid-29c44e0a-4470-41fa-966f-4233a03ed5e2</air:FareRuleKey><air:Brand Key="D14ve24R2BKAyCL7DAAAAA==" BrandID="26971" UpSellBrandID="26972"><air:UpsellBrand FareBasis="B" FareInfoRef="D14ve24R2BKAKAL7DAAAAA==" /></air:Brand></air:FareInfo><air:FareInfo Key="D14ve24R2BKA2/K7DAAAAA==" FareBasis="Y" PassengerTypeCode="INF" Origin="CPH" Destination="LGW" EffectiveDate="2017-08-06T16:02:48.000+02:00" Amount="GBP0.00" PromotionalFare="false" FareFamily="STANDARD FARE" SupplierCode="U2"><air:FareRuleKey FareInfoRef="D14ve24R2BKA2/K7DAAAAA==" ProviderCode="ACH">uuid-f7d6a846-0ce6-414d-b6ee-7581189de331</air:FareRuleKey><air:Brand Key="D14ve24R2BKA0CL7DAAAAA==" BrandID="26971" UpSellBrandID="26972"><air:UpsellBrand FareBasis="B" FareInfoRef="D14ve24R2BKATAL7DAAAAA==" /></air:Brand></air:FareInfo><air:FareInfo Key="D14ve24R2BKA7/K7DAAAAA==" FareBasis="B" PassengerTypeCode="ADT" Origin="LGW" Destination="CPH" EffectiveDate="2017-08-06T16:02:48.000+02:00" Amount="GBP79.43" PromotionalFare="false" FareFamily="INCLUSIVE FARE" SupplierCode="U2"><air:FareRuleKey FareInfoRef="D14ve24R2BKA7/K7DAAAAA==" ProviderCode="ACH">uuid-250f4bb7-ea05-4542-9f1e-15fa05904744</air:FareRuleKey><air:Brand Key="D14ve24R2BKA2CL7DAAAAA==" BrandID="26972" UpSellBrandFound="false" /></air:FareInfo><air:FareInfo Key="D14ve24R2BKAGAL7DAAAAA==" FareBasis="B" PassengerTypeCode="CHD" Origin="LGW" Destination="CPH" EffectiveDate="2017-08-06T16:02:48.000+02:00" Amount="GBP79.43" PromotionalFare="false" FareFamily="INCLUSIVE FARE" SupplierCode="U2"><air:FareRuleKey FareInfoRef="D14ve24R2BKAGAL7DAAAAA==" ProviderCode="ACH">uuid-080c9c09-3248-4fac-ba4c-50af6a7151c9</air:FareRuleKey><air:Brand Key="D14ve24R2BKA4CL7DAAAAA==" BrandID="26972" UpSellBrandFound="false" /></air:FareInfo><air:FareInfo Key="D14ve24R2BKARAL7DAAAAA==" FareBasis="B" PassengerTypeCode="INF" Origin="LGW" Destination="CPH" EffectiveDate="2017-08-06T16:02:48.000+02:00" Amount="GBP0.00" PromotionalFare="false" FareFamily="INCLUSIVE FARE" SupplierCode="U2"><air:FareRuleKey FareInfoRef="D14ve24R2BKARAL7DAAAAA==" ProviderCode="ACH">uuid-fbed82dc-cbf7-439c-9b67-a1f0f73b60a8</air:FareRuleKey><air:Brand Key="D14ve24R2BKA6CL7DAAAAA==" BrandID="26972" UpSellBrandFound="false" /></air:FareInfo><air:FareInfo Key="D14ve24R2BKA//K7DAAAAA==" FareBasis="B" PassengerTypeCode="ADT" Origin="CPH" Destination="LGW" EffectiveDate="2017-08-06T16:02:48.000+02:00" Amount="GBP70.55" PromotionalFare="false" FareFamily="INCLUSIVE FARE" SupplierCode="U2"><air:FareRuleKey FareInfoRef="D14ve24R2BKA//K7DAAAAA==" ProviderCode="ACH">uuid-00edab96-e7f5-4ab6-8236-a1334b79fc49</air:FareRuleKey><air:Brand Key="D14ve24R2BKA8CL7DAAAAA==" BrandID="26972" UpSellBrandFound="false" /></air:FareInfo><air:FareInfo Key="D14ve24R2BKAKAL7DAAAAA==" FareBasis="B" PassengerTypeCode="CHD" Origin="CPH" Destination="LGW" EffectiveDate="2017-08-06T16:02:48.000+02:00" Amount="GBP70.55" PromotionalFare="false" FareFamily="INCLUSIVE FARE" SupplierCode="U2"><air:FareRuleKey FareInfoRef="D14ve24R2BKAKAL7DAAAAA==" ProviderCode="ACH">uuid-6db6c084-58e1-4c06-a7b9-62ab8f193980</air:FareRuleKey><air:Brand Key="D14ve24R2BKA+CL7DAAAAA==" BrandID="26972" UpSellBrandFound="false" /></air:FareInfo><air:FareInfo Key="D14ve24R2BKATAL7DAAAAA==" FareBasis="B" PassengerTypeCode="INF" Origin="CPH" Destination="LGW" EffectiveDate="2017-08-06T16:02:48.000+02:00" Amount="GBP0.00" PromotionalFare="false" FareFamily="INCLUSIVE FARE" SupplierCode="U2"><air:FareRuleKey FareInfoRef="D14ve24R2BKATAL7DAAAAA==" ProviderCode="ACH">uuid-ed3b2cab-c8a6-494c-b42f-68d2d1c36575</air:FareRuleKey><air:Brand Key="D14ve24R2BKAADL7DAAAAA==" BrandID="26972" UpSellBrandFound="false" /></air:FareInfo></air:FareInfoList><air:HostTokenList><common_v42_0:HostToken Key="D14ve24R2BKAYAL7DAAAAA==">ERSU2{IS###}GBP{CC###ET}ACHSDv01LPD1:e0ad2815-aaa9-4000-9de1-890897ceaf21</common_v42_0:HostToken><common_v42_0:HostToken Key="D14ve24R2BKAZAL7DAAAAA==">ERSU2{IS###}GBP{CC###ET}ACHSDv01LPD1:685e0f0a-8770-4422-8a0b-8a908f40f086</common_v42_0:HostToken><common_v42_0:HostToken Key="D14ve24R2BKAaAL7DAAAAA==">ERSU2{IS###}GBP{CC###ET}ACHSDv01LPD1:e04d84b5-6720-44cf-ab80-62d70d152da8</common_v42_0:HostToken><common_v42_0:HostToken Key="D14ve24R2BKAbAL7DAAAAA==">ERSU2{IS###}GBP{CC###ET}ACHSDv01LPD1:aa1c081a-0ef2-49e4-83ff-b47ba17ed3e2</common_v42_0:HostToken><common_v42_0:HostToken Key="D14ve24R2BKAcAL7DAAAAA==">NNSFR{IS###}GBP{CC###ET}ACHSDv01LPD1:c37c82f1-9508-4586-ad2d-fce47894a4d1</common_v42_0:HostToken><common_v42_0:HostToken Key="D14ve24R2BKAdAL7DAAAAA==">NNSFR{IS###}GBP{CC###ET}ACHSDv01LPD1:6d2d07d5-dc29-4542-8532-bad912e56394</common_v42_0:HostToken><common_v42_0:HostToken Key="D14ve24R2BKAeAL7DAAAAA==">NNSFR{IS###}GBP{CC###ET}ACHSDv01LPD1:2ccf6851-1396-44d9-bb64-6d67791e2fb3</common_v42_0:HostToken><common_v42_0:HostToken Key="D14ve24R2BKAfAL7DAAAAA==">NNSFR{IS###}GBP{CC###ET}ACHSDv01LPD1:511c70a5-9a77-4baa-8cc4-169a49f7c394</common_v42_0:HostToken><common_v42_0:HostToken Key="D14ve24R2BKAgAL7DAAAAA==">NNSFR{IS###}GBP{CC###ET}ACHSDv01LPD1:3383af38-f256-465a-a91b-b731af2258c9</common_v42_0:HostToken><common_v42_0:HostToken Key="D14ve24R2BKAhAL7DAAAAA==">NNSFR{IS###}GBP{CC###ET}ACHSDv01LPD1:94960b08-38e9-41fe-a498-ad9eaf14e2dc</common_v42_0:HostToken><common_v42_0:HostToken Key="D14ve24R2BKAiAL7DAAAAA==">NNSFR{IS###}GBP{CC###ET}ACHSDv01LPD1:28a36f8b-eff7-4972-aaca-971966f9c0c9</common_v42_0:HostToken><common_v42_0:HostToken Key="D14ve24R2BKAjAL7DAAAAA==">NNSFR{IS###}GBP{CC###ET}ACHSDv01LPD1:8ead0a80-5406-4f19-8635-38fa86454d69</common_v42_0:HostToken><common_v42_0:HostToken Key="D14ve24R2BKAkAL7DAAAAA==">NNSFR{IS###}GBP{CC###ET}ACHSDv01LPD1:1f7ef19b-7164-470a-b6f5-2cf17601c321</common_v42_0:HostToken><common_v42_0:HostToken Key="D14ve24R2BKAlAL7DAAAAA==">NNSFR{IS###}GBP{CC###ET}ACHSDv01LPD1:8c56d229-8fa3-4b55-8bdf-709d08469a6d</common_v42_0:HostToken><common_v42_0:HostToken Key="D14ve24R2BKAmAL7DAAAAA==">NNSFR{IS###}GBP{CC###ET}ACHSDv01LPD1:1c06ecd0-7cbf-47b2-860d-34bc1e7b2856</common_v42_0:HostToken><common_v42_0:HostToken Key="D14ve24R2BKAnAL7DAAAAA==">NNSFR{IS###}GBP{CC###ET}ACHSDv01LPD1:626a0d25-3b77-44b0-9524-cb368c8fd01d</common_v42_0:HostToken><common_v42_0:HostToken Key="D14ve24R2BKAoAL7DAAAAA==">NNSFR{IS###}GBP{CC###ET}ACHSDv01LPD1:0389aee8-e18e-4efa-9c53-4d482c4cb08f</common_v42_0:HostToken><common_v42_0:HostToken Key="D14ve24R2BKApAL7DAAAAA==">NNSFR{IS###}GBP{CC###ET}ACHSDv01LPD1:1d6f5856-c52b-4dc7-bf4a-2c66b60ca03a</common_v42_0:HostToken><common_v42_0:HostToken Key="D14ve24R2BKAqAL7DAAAAA==">NNSFR{IS###}GBP{CC###ET}ACHSDv01LPD1:08eb3581-6fcb-4b13-98d4-c808146ace34</common_v42_0:HostToken><common_v42_0:HostToken Key="D14ve24R2BKArAL7DAAAAA==">NNSFR{IS###}GBP{CC###ET}ACHSDv01LPD1:c65a764b-e773-4a5c-9239-7223c2797e94</common_v42_0:HostToken><common_v42_0:HostToken Key="D14ve24R2BKAsAL7DAAAAA==">NNSFR{IS###}GBP{CC###ET}ACHSDv01LPD1:7c7eda6f-c34e-4dcb-8ad3-c6bf3f9d99d9</common_v42_0:HostToken><common_v42_0:HostToken Key="D14ve24R2BKAtAL7DAAAAA==">NNSFR{IS###}GBP{CC###ET}ACHSDv01LPD1:26a56702-f986-475f-9cfc-9d59a34a4199</common_v42_0:HostToken></air:HostTokenList><air:APISRequirementsList><air:APISRequirements Key="D14ve24R2BKAvAL7DAAAAA==" Level="Supported" RequiredDocuments="One"><air:Document Sequence="1" Type="Passport" Level="Required" /></air:APISRequirements></air:APISRequirementsList><air:RouteList><air:Route Key="D14ve24R2BKAuAL7DAAAAA=="><air:Leg Key="D14ve24R2BKA+8K7DAAAAA==" Group="0" Origin="LON" Destination="CPH" /><air:Leg Key="D14ve24R2BKAF9K7DAAAAA==" Group="1" Origin="CPH" Destination="LON" /></air:Route></air:RouteList><air:AirPricePointList><air:AirPricePoint Key="D14ve24R2BKAwAL7DAAAAA==" TotalPrice="GBP155.94" BasePrice="GBP155.94" ApproximateTotalPrice="EUR174.27" ApproximateBasePrice="EUR174.27" CompleteItinerary="true"><air:AirPricingInfo Key="D14ve24R2BKAy8K7DAAAAA==" TotalPrice="GBP51.98" BasePrice="GBP51.98" ApproximateTotalPrice="EUR58.09" ApproximateBasePrice="EUR58.09" PricingMethod="Auto" ProviderCode="ACH"><air:FareInfoRef Key="D14ve24R2BKAx8K7DAAAAA==" /><air:FareInfoRef Key="D14ve24R2BKAz8K7DAAAAA==" /><air:FareInfoRef Key="D14ve24R2BKA08K7DAAAAA==" /><air:FareInfoRef Key="D14ve24R2BKA18K7DAAAAA==" /><air:FareInfoRef Key="D14ve24R2BKA28K7DAAAAA==" /><air:FareInfoRef Key="D14ve24R2BKA38K7DAAAAA==" /><air:PassengerType Code="ADT" /><air:PassengerType Code="ADT" /><air:FlightOptionsList><air:FlightOption LegRef="D14ve24R2BKA+8K7DAAAAA==" Destination="CPH" Origin="LON"><air:Option Key="D14ve24R2BKA48K7DAAAAA==" TravelTime="P0DT1H50M0S"><air:BookingInfo BookingCode="Y" BookingCount="80" CabinClass="Economy" FareInfoRef="D14ve24R2BKAx8K7DAAAAA==" SegmentRef="D14ve24R2BKAh8K7DAAAAA==" HostTokenRef="D14ve24R2BKAcAL7DAAAAA==" /></air:Option><air:Option Key="D14ve24R2BKA68K7DAAAAA==" TravelTime="P0DT1H50M0S"><air:BookingInfo BookingCode="Y" BookingCount="80" CabinClass="Economy" FareInfoRef="D14ve24R2BKAz8K7DAAAAA==" SegmentRef="D14ve24R2BKAj8K7DAAAAA==" HostTokenRef="D14ve24R2BKAfAL7DAAAAA==" /></air:Option><air:Option Key="D14ve24R2BKA88K7DAAAAA==" TravelTime="P0DT1H50M0S"><air:BookingInfo BookingCode="Y" BookingCount="80" CabinClass="Economy" FareInfoRef="D14ve24R2BKA08K7DAAAAA==" SegmentRef="D14ve24R2BKAl8K7DAAAAA==" HostTokenRef="D14ve24R2BKAiAL7DAAAAA==" /></air:Option></air:FlightOption><air:FlightOption LegRef="D14ve24R2BKAF9K7DAAAAA==" Destination="LON" Origin="CPH"><air:Option Key="D14ve24R2BKA/8K7DAAAAA==" TravelTime="P0DT2H0M0S"><air:BookingInfo BookingCode="Y" BookingCount="80" CabinClass="Economy" FareInfoRef="D14ve24R2BKA18K7DAAAAA==" SegmentRef="D14ve24R2BKAn8K7DAAAAA==" HostTokenRef="D14ve24R2BKAlAL7DAAAAA==" /></air:Option><air:Option Key="D14ve24R2BKAB9K7DAAAAA==" TravelTime="P0DT2H0M0S"><air:BookingInfo BookingCode="Y" BookingCount="80" CabinClass="Economy" FareInfoRef="D14ve24R2BKA28K7DAAAAA==" SegmentRef="D14ve24R2BKAp8K7DAAAAA==" HostTokenRef="D14ve24R2BKAoAL7DAAAAA==" /></air:Option><air:Option Key="D14ve24R2BKAD9K7DAAAAA==" TravelTime="P0DT2H0M0S"><air:BookingInfo BookingCode="Y" BookingCount="80" CabinClass="Economy" FareInfoRef="D14ve24R2BKA38K7DAAAAA==" SegmentRef="D14ve24R2BKAr8K7DAAAAA==" HostTokenRef="D14ve24R2BKArAL7DAAAAA==" /></air:Option></air:FlightOption></air:FlightOptionsList></air:AirPricingInfo><air:AirPricingInfo Key="D14ve24R2BKAH9K7DAAAAA==" TotalPrice="GBP51.98" BasePrice="GBP51.98" ApproximateTotalPrice="EUR58.09" ApproximateBasePrice="EUR58.09" PricingMethod="Auto" ProviderCode="ACH"><air:FareInfoRef Key="D14ve24R2BKAG9K7DAAAAA==" /><air:FareInfoRef Key="D14ve24R2BKAI9K7DAAAAA==" /><air:FareInfoRef Key="D14ve24R2BKAJ9K7DAAAAA==" /><air:FareInfoRef Key="D14ve24R2BKAK9K7DAAAAA==" /><air:FareInfoRef Key="D14ve24R2BKAL9K7DAAAAA==" /><air:FareInfoRef Key="D14ve24R2BKAM9K7DAAAAA==" /><air:PassengerType Code="CNN" Age="5" /><air:FlightOptionsList><air:FlightOption LegRef="D14ve24R2BKA+8K7DAAAAA==" Destination="CPH" Origin="LON"><air:Option Key="D14ve24R2BKAN9K7DAAAAA==" TravelTime="P0DT1H50M0S"><air:BookingInfo BookingCode="Y" BookingCount="80" CabinClass="Economy" FareInfoRef="D14ve24R2BKAG9K7DAAAAA==" SegmentRef="D14ve24R2BKAh8K7DAAAAA==" HostTokenRef="D14ve24R2BKAcAL7DAAAAA==" /></air:Option><air:Option Key="D14ve24R2BKAP9K7DAAAAA==" TravelTime="P0DT1H50M0S"><air:BookingInfo BookingCode="Y" BookingCount="80" CabinClass="Economy" FareInfoRef="D14ve24R2BKAI9K7DAAAAA==" SegmentRef="D14ve24R2BKAj8K7DAAAAA==" HostTokenRef="D14ve24R2BKAfAL7DAAAAA==" /></air:Option><air:Option Key="D14ve24R2BKAR9K7DAAAAA==" TravelTime="P0DT1H50M0S"><air:BookingInfo BookingCode="Y" BookingCount="80" CabinClass="Economy" FareInfoRef="D14ve24R2BKAJ9K7DAAAAA==" SegmentRef="D14ve24R2BKAl8K7DAAAAA==" HostTokenRef="D14ve24R2BKAiAL7DAAAAA==" /></air:Option></air:FlightOption><air:FlightOption LegRef="D14ve24R2BKAF9K7DAAAAA==" Destination="LON" Origin="CPH"><air:Option Key="D14ve24R2BKAT9K7DAAAAA==" TravelTime="P0DT2H0M0S"><air:BookingInfo BookingCode="Y" BookingCount="80" CabinClass="Economy" FareInfoRef="D14ve24R2BKAK9K7DAAAAA==" SegmentRef="D14ve24R2BKAn8K7DAAAAA==" HostTokenRef="D14ve24R2BKAlAL7DAAAAA==" /></air:Option><air:Option Key="D14ve24R2BKAV9K7DAAAAA==" TravelTime="P0DT2H0M0S"><air:BookingInfo BookingCode="Y" BookingCount="80" CabinClass="Economy" FareInfoRef="D14ve24R2BKAL9K7DAAAAA==" SegmentRef="D14ve24R2BKAp8K7DAAAAA==" HostTokenRef="D14ve24R2BKAoAL7DAAAAA==" /></air:Option><air:Option Key="D14ve24R2BKAX9K7DAAAAA==" TravelTime="P0DT2H0M0S"><air:BookingInfo BookingCode="Y" BookingCount="80" CabinClass="Economy" FareInfoRef="D14ve24R2BKAM9K7DAAAAA==" SegmentRef="D14ve24R2BKAr8K7DAAAAA==" HostTokenRef="D14ve24R2BKArAL7DAAAAA==" /></air:Option></air:FlightOption></air:FlightOptionsList></air:AirPricingInfo><air:AirPricingInfo Key="D14ve24R2BKAa9K7DAAAAA==" TotalPrice="GBP0.00" BasePrice="GBP0.00" ApproximateTotalPrice="EUR0.00" ApproximateBasePrice="EUR0.00" PricingMethod="Auto" ProviderCode="ACH"><air:FareInfoRef Key="D14ve24R2BKAZ9K7DAAAAA==" /><air:FareInfoRef Key="D14ve24R2BKAb9K7DAAAAA==" /><air:FareInfoRef Key="D14ve24R2BKAc9K7DAAAAA==" /><air:FareInfoRef Key="D14ve24R2BKAd9K7DAAAAA==" /><air:FareInfoRef Key="D14ve24R2BKAe9K7DAAAAA==" /><air:FareInfoRef Key="D14ve24R2BKAf9K7DAAAAA==" /><air:PassengerType Code="INF" Age="1" /><air:FlightOptionsList><air:FlightOption LegRef="D14ve24R2BKA+8K7DAAAAA==" Destination="CPH" Origin="LON"><air:Option Key="D14ve24R2BKAg9K7DAAAAA==" TravelTime="P0DT1H50M0S"><air:BookingInfo BookingCode="Y" BookingCount="80" CabinClass="Economy" FareInfoRef="D14ve24R2BKAZ9K7DAAAAA==" SegmentRef="D14ve24R2BKAh8K7DAAAAA==" HostTokenRef="D14ve24R2BKAcAL7DAAAAA==" /></air:Option><air:Option Key="D14ve24R2BKAi9K7DAAAAA==" TravelTime="P0DT1H50M0S"><air:BookingInfo BookingCode="Y" BookingCount="80" CabinClass="Economy" FareInfoRef="D14ve24R2BKAb9K7DAAAAA==" SegmentRef="D14ve24R2BKAj8K7DAAAAA==" HostTokenRef="D14ve24R2BKAfAL7DAAAAA==" /></air:Option><air:Option Key="D14ve24R2BKAk9K7DAAAAA==" TravelTime="P0DT1H50M0S"><air:BookingInfo BookingCode="Y" BookingCount="80" CabinClass="Economy" FareInfoRef="D14ve24R2BKAc9K7DAAAAA==" SegmentRef="D14ve24R2BKAl8K7DAAAAA==" HostTokenRef="D14ve24R2BKAiAL7DAAAAA==" /></air:Option></air:FlightOption><air:FlightOption LegRef="D14ve24R2BKAF9K7DAAAAA==" Destination="LON" Origin="CPH"><air:Option Key="D14ve24R2BKAm9K7DAAAAA==" TravelTime="P0DT2H0M0S"><air:BookingInfo BookingCode="Y" BookingCount="80" CabinClass="Economy" FareInfoRef="D14ve24R2BKAd9K7DAAAAA==" SegmentRef="D14ve24R2BKAn8K7DAAAAA==" HostTokenRef="D14ve24R2BKAlAL7DAAAAA==" /></air:Option><air:Option Key="D14ve24R2BKAo9K7DAAAAA==" TravelTime="P0DT2H0M0S"><air:BookingInfo BookingCode="Y" BookingCount="80" CabinClass="Economy" FareInfoRef="D14ve24R2BKAe9K7DAAAAA==" SegmentRef="D14ve24R2BKAp8K7DAAAAA==" HostTokenRef="D14ve24R2BKAoAL7DAAAAA==" /></air:Option><air:Option Key="D14ve24R2BKAq9K7DAAAAA==" TravelTime="P0DT2H0M0S"><air:BookingInfo BookingCode="Y" BookingCount="80" CabinClass="Economy" FareInfoRef="D14ve24R2BKAf9K7DAAAAA==" SegmentRef="D14ve24R2BKAr8K7DAAAAA==" HostTokenRef="D14ve24R2BKArAL7DAAAAA==" /></air:Option></air:FlightOption></air:FlightOptionsList></air:AirPricingInfo></air:AirPricePoint><air:AirPricePoint Key="D14ve24R2BKAxAL7DAAAAA==" TotalPrice="GBP335.94" BasePrice="GBP335.94" ApproximateTotalPrice="EUR375.42" ApproximateBasePrice="EUR375.42" CompleteItinerary="true"><air:AirPricingInfo Key="D14ve24R2BKAt9K7DAAAAA==" TotalPrice="GBP111.98" BasePrice="GBP111.98" ApproximateTotalPrice="EUR125.14" ApproximateBasePrice="EUR125.14" PricingMethod="Auto" ProviderCode="ACH"><air:FareInfoRef Key="D14ve24R2BKAs9K7DAAAAA==" /><air:FareInfoRef Key="D14ve24R2BKAu9K7DAAAAA==" /><air:FareInfoRef Key="D14ve24R2BKAv9K7DAAAAA==" /><air:FareInfoRef Key="D14ve24R2BKAw9K7DAAAAA==" /><air:FareInfoRef Key="D14ve24R2BKAx9K7DAAAAA==" /><air:FareInfoRef Key="D14ve24R2BKAy9K7DAAAAA==" /><air:PassengerType Code="ADT" /><air:PassengerType Code="ADT" /><air:FlightOptionsList><air:FlightOption LegRef="D14ve24R2BKA+8K7DAAAAA==" Destination="CPH" Origin="LON"><air:Option Key="D14ve24R2BKAz9K7DAAAAA==" TravelTime="P0DT1H50M0S"><air:BookingInfo BookingCode="L" BookingCount="80" CabinClass="Economy" FareInfoRef="D14ve24R2BKAs9K7DAAAAA==" SegmentRef="D14ve24R2BKAh8K7DAAAAA==" HostTokenRef="D14ve24R2BKAdAL7DAAAAA==" /></air:Option><air:Option Key="D14ve24R2BKA19K7DAAAAA==" TravelTime="P0DT1H50M0S"><air:BookingInfo BookingCode="L" BookingCount="80" CabinClass="Economy" FareInfoRef="D14ve24R2BKAu9K7DAAAAA==" SegmentRef="D14ve24R2BKAj8K7DAAAAA==" HostTokenRef="D14ve24R2BKAgAL7DAAAAA==" /></air:Option><air:Option Key="D14ve24R2BKA39K7DAAAAA==" TravelTime="P0DT1H50M0S"><air:BookingInfo BookingCode="L" BookingCount="80" CabinClass="Economy" FareInfoRef="D14ve24R2BKAv9K7DAAAAA==" SegmentRef="D14ve24R2BKAl8K7DAAAAA==" HostTokenRef="D14ve24R2BKAjAL7DAAAAA==" /></air:Option></air:FlightOption><air:FlightOption LegRef="D14ve24R2BKAF9K7DAAAAA==" Destination="LON" Origin="CPH"><air:Option Key="D14ve24R2BKA59K7DAAAAA==" TravelTime="P0DT2H0M0S"><air:BookingInfo BookingCode="L" BookingCount="80" CabinClass="Economy" FareInfoRef="D14ve24R2BKAw9K7DAAAAA==" SegmentRef="D14ve24R2BKAn8K7DAAAAA==" HostTokenRef="D14ve24R2BKAmAL7DAAAAA==" /></air:Option><air:Option Key="D14ve24R2BKA79K7DAAAAA==" TravelTime="P0DT2H0M0S"><air:BookingInfo BookingCode="L" BookingCount="80" CabinClass="Economy" FareInfoRef="D14ve24R2BKAx9K7DAAAAA==" SegmentRef="D14ve24R2BKAp8K7DAAAAA==" HostTokenRef="D14ve24R2BKApAL7DAAAAA==" /></air:Option><air:Option Key="D14ve24R2BKA99K7DAAAAA==" TravelTime="P0DT2H0M0S"><air:BookingInfo BookingCode="L" BookingCount="80" CabinClass="Economy" FareInfoRef="D14ve24R2BKAy9K7DAAAAA==" SegmentRef="D14ve24R2BKAr8K7DAAAAA==" HostTokenRef="D14ve24R2BKAsAL7DAAAAA==" /></air:Option></air:FlightOption></air:FlightOptionsList></air:AirPricingInfo><air:AirPricingInfo Key="D14ve24R2BKAA+K7DAAAAA==" TotalPrice="GBP111.98" BasePrice="GBP111.98" ApproximateTotalPrice="EUR125.14" ApproximateBasePrice="EUR125.14" PricingMethod="Auto" ProviderCode="ACH"><air:FareInfoRef Key="D14ve24R2BKA/9K7DAAAAA==" /><air:FareInfoRef Key="D14ve24R2BKAB+K7DAAAAA==" /><air:FareInfoRef Key="D14ve24R2BKAC+K7DAAAAA==" /><air:FareInfoRef Key="D14ve24R2BKAD+K7DAAAAA==" /><air:FareInfoRef Key="D14ve24R2BKAE+K7DAAAAA==" /><air:FareInfoRef Key="D14ve24R2BKAF+K7DAAAAA==" /><air:PassengerType Code="CNN" Age="5" /><air:FlightOptionsList><air:FlightOption LegRef="D14ve24R2BKA+8K7DAAAAA==" Destination="CPH" Origin="LON"><air:Option Key="D14ve24R2BKAG+K7DAAAAA==" TravelTime="P0DT1H50M0S"><air:BookingInfo BookingCode="L" BookingCount="80" CabinClass="Economy" FareInfoRef="D14ve24R2BKA/9K7DAAAAA==" SegmentRef="D14ve24R2BKAh8K7DAAAAA==" HostTokenRef="D14ve24R2BKAdAL7DAAAAA==" /></air:Option><air:Option Key="D14ve24R2BKAI+K7DAAAAA==" TravelTime="P0DT1H50M0S"><air:BookingInfo BookingCode="L" BookingCount="80" CabinClass="Economy" FareInfoRef="D14ve24R2BKAB+K7DAAAAA==" SegmentRef="D14ve24R2BKAj8K7DAAAAA==" HostTokenRef="D14ve24R2BKAgAL7DAAAAA==" /></air:Option><air:Option Key="D14ve24R2BKAK+K7DAAAAA==" TravelTime="P0DT1H50M0S"><air:BookingInfo BookingCode="L" BookingCount="80" CabinClass="Economy" FareInfoRef="D14ve24R2BKAC+K7DAAAAA==" SegmentRef="D14ve24R2BKAl8K7DAAAAA==" HostTokenRef="D14ve24R2BKAjAL7DAAAAA==" /></air:Option></air:FlightOption><air:FlightOption LegRef="D14ve24R2BKAF9K7DAAAAA==" Destination="LON" Origin="CPH"><air:Option Key="D14ve24R2BKAM+K7DAAAAA==" TravelTime="P0DT2H0M0S"><air:BookingInfo BookingCode="L" BookingCount="80" CabinClass="Economy" FareInfoRef="D14ve24R2BKAD+K7DAAAAA==" SegmentRef="D14ve24R2BKAn8K7DAAAAA==" HostTokenRef="D14ve24R2BKAmAL7DAAAAA==" /></air:Option><air:Option Key="D14ve24R2BKAO+K7DAAAAA==" TravelTime="P0DT2H0M0S"><air:BookingInfo BookingCode="L" BookingCount="80" CabinClass="Economy" FareInfoRef="D14ve24R2BKAE+K7DAAAAA==" SegmentRef="D14ve24R2BKAp8K7DAAAAA==" HostTokenRef="D14ve24R2BKApAL7DAAAAA==" /></air:Option><air:Option Key="D14ve24R2BKAQ+K7DAAAAA==" TravelTime="P0DT2H0M0S"><air:BookingInfo BookingCode="L" BookingCount="80" CabinClass="Economy" FareInfoRef="D14ve24R2BKAF+K7DAAAAA==" SegmentRef="D14ve24R2BKAr8K7DAAAAA==" HostTokenRef="D14ve24R2BKAsAL7DAAAAA==" /></air:Option></air:FlightOption></air:FlightOptionsList></air:AirPricingInfo><air:AirPricingInfo Key="D14ve24R2BKAT+K7DAAAAA==" TotalPrice="GBP0.00" BasePrice="GBP0.00" ApproximateTotalPrice="EUR0.00" ApproximateBasePrice="EUR0.00" PricingMethod="Auto" ProviderCode="ACH"><air:FareInfoRef Key="D14ve24R2BKAS+K7DAAAAA==" /><air:FareInfoRef Key="D14ve24R2BKAU+K7DAAAAA==" /><air:FareInfoRef Key="D14ve24R2BKAV+K7DAAAAA==" /><air:FareInfoRef Key="D14ve24R2BKAW+K7DAAAAA==" /><air:FareInfoRef Key="D14ve24R2BKAX+K7DAAAAA==" /><air:FareInfoRef Key="D14ve24R2BKAY+K7DAAAAA==" /><air:PassengerType Code="INF" Age="1" /><air:FlightOptionsList><air:FlightOption LegRef="D14ve24R2BKA+8K7DAAAAA==" Destination="CPH" Origin="LON"><air:Option Key="D14ve24R2BKAZ+K7DAAAAA==" TravelTime="P0DT1H50M0S"><air:BookingInfo BookingCode="L" BookingCount="80" CabinClass="Economy" FareInfoRef="D14ve24R2BKAS+K7DAAAAA==" SegmentRef="D14ve24R2BKAh8K7DAAAAA==" HostTokenRef="D14ve24R2BKAdAL7DAAAAA==" /></air:Option><air:Option Key="D14ve24R2BKAb+K7DAAAAA==" TravelTime="P0DT1H50M0S"><air:BookingInfo BookingCode="L" BookingCount="80" CabinClass="Economy" FareInfoRef="D14ve24R2BKAU+K7DAAAAA==" SegmentRef="D14ve24R2BKAj8K7DAAAAA==" HostTokenRef="D14ve24R2BKAgAL7DAAAAA==" /></air:Option><air:Option Key="D14ve24R2BKAd+K7DAAAAA==" TravelTime="P0DT1H50M0S"><air:BookingInfo BookingCode="L" BookingCount="80" CabinClass="Economy" FareInfoRef="D14ve24R2BKAV+K7DAAAAA==" SegmentRef="D14ve24R2BKAl8K7DAAAAA==" HostTokenRef="D14ve24R2BKAjAL7DAAAAA==" /></air:Option></air:FlightOption><air:FlightOption LegRef="D14ve24R2BKAF9K7DAAAAA==" Destination="LON" Origin="CPH"><air:Option Key="D14ve24R2BKAf+K7DAAAAA==" TravelTime="P0DT2H0M0S"><air:BookingInfo BookingCode="L" BookingCount="80" CabinClass="Economy" FareInfoRef="D14ve24R2BKAW+K7DAAAAA==" SegmentRef="D14ve24R2BKAn8K7DAAAAA==" HostTokenRef="D14ve24R2BKAmAL7DAAAAA==" /></air:Option><air:Option Key="D14ve24R2BKAh+K7DAAAAA==" TravelTime="P0DT2H0M0S"><air:BookingInfo BookingCode="L" BookingCount="80" CabinClass="Economy" FareInfoRef="D14ve24R2BKAX+K7DAAAAA==" SegmentRef="D14ve24R2BKAp8K7DAAAAA==" HostTokenRef="D14ve24R2BKApAL7DAAAAA==" /></air:Option><air:Option Key="D14ve24R2BKAj+K7DAAAAA==" TravelTime="P0DT2H0M0S"><air:BookingInfo BookingCode="L" BookingCount="80" CabinClass="Economy" FareInfoRef="D14ve24R2BKAY+K7DAAAAA==" SegmentRef="D14ve24R2BKAr8K7DAAAAA==" HostTokenRef="D14ve24R2BKAsAL7DAAAAA==" /></air:Option></air:FlightOption></air:FlightOptionsList></air:AirPricingInfo></air:AirPricePoint><air:AirPricePoint Key="D14ve24R2BKAyAL7DAAAAA==" TotalPrice="GBP755.94" BasePrice="GBP755.94" ApproximateTotalPrice="EUR844.74" ApproximateBasePrice="EUR844.74" CompleteItinerary="true"><air:AirPricingInfo Key="D14ve24R2BKAm+K7DAAAAA==" TotalPrice="GBP251.98" BasePrice="GBP251.98" ApproximateTotalPrice="EUR281.58" ApproximateBasePrice="EUR281.58" PricingMethod="Auto" ProviderCode="ACH"><air:FareInfoRef Key="D14ve24R2BKAl+K7DAAAAA==" /><air:FareInfoRef Key="D14ve24R2BKAn+K7DAAAAA==" /><air:FareInfoRef Key="D14ve24R2BKAo+K7DAAAAA==" /><air:FareInfoRef Key="D14ve24R2BKAp+K7DAAAAA==" /><air:FareInfoRef Key="D14ve24R2BKAq+K7DAAAAA==" /><air:FareInfoRef Key="D14ve24R2BKAr+K7DAAAAA==" /><air:PassengerType Code="ADT" /><air:PassengerType Code="ADT" /><air:FlightOptionsList><air:FlightOption LegRef="D14ve24R2BKA+8K7DAAAAA==" Destination="CPH" Origin="LON"><air:Option Key="D14ve24R2BKAs+K7DAAAAA==" TravelTime="P0DT1H50M0S"><air:BookingInfo BookingCode="B" BookingCount="80" CabinClass="Economy" FareInfoRef="D14ve24R2BKAl+K7DAAAAA==" SegmentRef="D14ve24R2BKAh8K7DAAAAA==" HostTokenRef="D14ve24R2BKAeAL7DAAAAA==" /></air:Option><air:Option Key="D14ve24R2BKAu+K7DAAAAA==" TravelTime="P0DT1H50M0S"><air:BookingInfo BookingCode="B" BookingCount="80" CabinClass="Economy" FareInfoRef="D14ve24R2BKAn+K7DAAAAA==" SegmentRef="D14ve24R2BKAj8K7DAAAAA==" HostTokenRef="D14ve24R2BKAhAL7DAAAAA==" /></air:Option><air:Option Key="D14ve24R2BKAw+K7DAAAAA==" TravelTime="P0DT1H50M0S"><air:BookingInfo BookingCode="B" BookingCount="80" CabinClass="Economy" FareInfoRef="D14ve24R2BKAo+K7DAAAAA==" SegmentRef="D14ve24R2BKAl8K7DAAAAA==" HostTokenRef="D14ve24R2BKAkAL7DAAAAA==" /></air:Option></air:FlightOption><air:FlightOption LegRef="D14ve24R2BKAF9K7DAAAAA==" Destination="LON" Origin="CPH"><air:Option Key="D14ve24R2BKAy+K7DAAAAA==" TravelTime="P0DT2H0M0S"><air:BookingInfo BookingCode="B" BookingCount="80" CabinClass="Economy" FareInfoRef="D14ve24R2BKAp+K7DAAAAA==" SegmentRef="D14ve24R2BKAn8K7DAAAAA==" HostTokenRef="D14ve24R2BKAnAL7DAAAAA==" /></air:Option><air:Option Key="D14ve24R2BKA0+K7DAAAAA==" TravelTime="P0DT2H0M0S"><air:BookingInfo BookingCode="B" BookingCount="80" CabinClass="Economy" FareInfoRef="D14ve24R2BKAq+K7DAAAAA==" SegmentRef="D14ve24R2BKAp8K7DAAAAA==" HostTokenRef="D14ve24R2BKAqAL7DAAAAA==" /></air:Option><air:Option Key="D14ve24R2BKA2+K7DAAAAA==" TravelTime="P0DT2H0M0S"><air:BookingInfo BookingCode="B" BookingCount="80" CabinClass="Economy" FareInfoRef="D14ve24R2BKAr+K7DAAAAA==" SegmentRef="D14ve24R2BKAr8K7DAAAAA==" HostTokenRef="D14ve24R2BKAtAL7DAAAAA==" /></air:Option></air:FlightOption></air:FlightOptionsList></air:AirPricingInfo><air:AirPricingInfo Key="D14ve24R2BKA5+K7DAAAAA==" TotalPrice="GBP251.98" BasePrice="GBP251.98" ApproximateTotalPrice="EUR281.58" ApproximateBasePrice="EUR281.58" PricingMethod="Auto" ProviderCode="ACH"><air:FareInfoRef Key="D14ve24R2BKA4+K7DAAAAA==" /><air:FareInfoRef Key="D14ve24R2BKA6+K7DAAAAA==" /><air:FareInfoRef Key="D14ve24R2BKA7+K7DAAAAA==" /><air:FareInfoRef Key="D14ve24R2BKA8+K7DAAAAA==" /><air:FareInfoRef Key="D14ve24R2BKA9+K7DAAAAA==" /><air:FareInfoRef Key="D14ve24R2BKA++K7DAAAAA==" /><air:PassengerType Code="CNN" Age="5" /><air:FlightOptionsList><air:FlightOption LegRef="D14ve24R2BKA+8K7DAAAAA==" Destination="CPH" Origin="LON"><air:Option Key="D14ve24R2BKA/+K7DAAAAA==" TravelTime="P0DT1H50M0S"><air:BookingInfo BookingCode="B" BookingCount="80" CabinClass="Economy" FareInfoRef="D14ve24R2BKA4+K7DAAAAA==" SegmentRef="D14ve24R2BKAh8K7DAAAAA==" HostTokenRef="D14ve24R2BKAeAL7DAAAAA==" /></air:Option><air:Option Key="D14ve24R2BKAB/K7DAAAAA==" TravelTime="P0DT1H50M0S"><air:BookingInfo BookingCode="B" BookingCount="80" CabinClass="Economy" FareInfoRef="D14ve24R2BKA6+K7DAAAAA==" SegmentRef="D14ve24R2BKAj8K7DAAAAA==" HostTokenRef="D14ve24R2BKAhAL7DAAAAA==" /></air:Option><air:Option Key="D14ve24R2BKAD/K7DAAAAA==" TravelTime="P0DT1H50M0S"><air:BookingInfo BookingCode="B" BookingCount="80" CabinClass="Economy" FareInfoRef="D14ve24R2BKA7+K7DAAAAA==" SegmentRef="D14ve24R2BKAl8K7DAAAAA==" HostTokenRef="D14ve24R2BKAkAL7DAAAAA==" /></air:Option></air:FlightOption><air:FlightOption LegRef="D14ve24R2BKAF9K7DAAAAA==" Destination="LON" Origin="CPH"><air:Option Key="D14ve24R2BKAF/K7DAAAAA==" TravelTime="P0DT2H0M0S"><air:BookingInfo BookingCode="B" BookingCount="80" CabinClass="Economy" FareInfoRef="D14ve24R2BKA8+K7DAAAAA==" SegmentRef="D14ve24R2BKAn8K7DAAAAA==" HostTokenRef="D14ve24R2BKAnAL7DAAAAA==" /></air:Option><air:Option Key="D14ve24R2BKAH/K7DAAAAA==" TravelTime="P0DT2H0M0S"><air:BookingInfo BookingCode="B" BookingCount="80" CabinClass="Economy" FareInfoRef="D14ve24R2BKA9+K7DAAAAA==" SegmentRef="D14ve24R2BKAp8K7DAAAAA==" HostTokenRef="D14ve24R2BKAqAL7DAAAAA==" /></air:Option><air:Option Key="D14ve24R2BKAJ/K7DAAAAA==" TravelTime="P0DT2H0M0S"><air:BookingInfo BookingCode="B" BookingCount="80" CabinClass="Economy" FareInfoRef="D14ve24R2BKA++K7DAAAAA==" SegmentRef="D14ve24R2BKAr8K7DAAAAA==" HostTokenRef="D14ve24R2BKAtAL7DAAAAA==" /></air:Option></air:FlightOption></air:FlightOptionsList></air:AirPricingInfo><air:AirPricingInfo Key="D14ve24R2BKAM/K7DAAAAA==" TotalPrice="GBP0.00" BasePrice="GBP0.00" ApproximateTotalPrice="EUR0.00" ApproximateBasePrice="EUR0.00" PricingMethod="Auto" ProviderCode="ACH"><air:FareInfoRef Key="D14ve24R2BKAL/K7DAAAAA==" /><air:FareInfoRef Key="D14ve24R2BKAN/K7DAAAAA==" /><air:FareInfoRef Key="D14ve24R2BKAO/K7DAAAAA==" /><air:FareInfoRef Key="D14ve24R2BKAP/K7DAAAAA==" /><air:FareInfoRef Key="D14ve24R2BKAQ/K7DAAAAA==" /><air:FareInfoRef Key="D14ve24R2BKAR/K7DAAAAA==" /><air:PassengerType Code="INF" Age="1" /><air:FlightOptionsList><air:FlightOption LegRef="D14ve24R2BKA+8K7DAAAAA==" Destination="CPH" Origin="LON"><air:Option Key="D14ve24R2BKAS/K7DAAAAA==" TravelTime="P0DT1H50M0S"><air:BookingInfo BookingCode="B" BookingCount="80" CabinClass="Economy" FareInfoRef="D14ve24R2BKAL/K7DAAAAA==" SegmentRef="D14ve24R2BKAh8K7DAAAAA==" HostTokenRef="D14ve24R2BKAeAL7DAAAAA==" /></air:Option><air:Option Key="D14ve24R2BKAU/K7DAAAAA==" TravelTime="P0DT1H50M0S"><air:BookingInfo BookingCode="B" BookingCount="80" CabinClass="Economy" FareInfoRef="D14ve24R2BKAN/K7DAAAAA==" SegmentRef="D14ve24R2BKAj8K7DAAAAA==" HostTokenRef="D14ve24R2BKAhAL7DAAAAA==" /></air:Option><air:Option Key="D14ve24R2BKAW/K7DAAAAA==" TravelTime="P0DT1H50M0S"><air:BookingInfo BookingCode="B" BookingCount="80" CabinClass="Economy" FareInfoRef="D14ve24R2BKAO/K7DAAAAA==" SegmentRef="D14ve24R2BKAl8K7DAAAAA==" HostTokenRef="D14ve24R2BKAkAL7DAAAAA==" /></air:Option></air:FlightOption><air:FlightOption LegRef="D14ve24R2BKAF9K7DAAAAA==" Destination="LON" Origin="CPH"><air:Option Key="D14ve24R2BKAY/K7DAAAAA==" TravelTime="P0DT2H0M0S"><air:BookingInfo BookingCode="B" BookingCount="80" CabinClass="Economy" FareInfoRef="D14ve24R2BKAP/K7DAAAAA==" SegmentRef="D14ve24R2BKAn8K7DAAAAA==" HostTokenRef="D14ve24R2BKAnAL7DAAAAA==" /></air:Option><air:Option Key="D14ve24R2BKAa/K7DAAAAA==" TravelTime="P0DT2H0M0S"><air:BookingInfo BookingCode="B" BookingCount="80" CabinClass="Economy" FareInfoRef="D14ve24R2BKAQ/K7DAAAAA==" SegmentRef="D14ve24R2BKAp8K7DAAAAA==" HostTokenRef="D14ve24R2BKAqAL7DAAAAA==" /></air:Option><air:Option Key="D14ve24R2BKAc/K7DAAAAA==" TravelTime="P0DT2H0M0S"><air:BookingInfo BookingCode="B" BookingCount="80" CabinClass="Economy" FareInfoRef="D14ve24R2BKAR/K7DAAAAA==" SegmentRef="D14ve24R2BKAr8K7DAAAAA==" HostTokenRef="D14ve24R2BKAtAL7DAAAAA==" /></air:Option></air:FlightOption></air:FlightOptionsList></air:AirPricingInfo></air:AirPricePoint><air:AirPricePoint Key="D14ve24R2BKAzAL7DAAAAA==" TotalPrice="GBP168.26" BasePrice="GBP229.95" ApproximateTotalPrice="EUR188.04" ApproximateBasePrice="EUR256.98" Taxes="GBP28.31" Fees="GBP-90.00" ApproximateTaxes="EUR31.64" ApproximateFees="EUR-100.58" CompleteItinerary="true"><air:AirPricingInfo Key="D14ve24R2BKAf/K7DAAAAA==" TotalPrice="GBP60.42" BasePrice="GBP76.65" ApproximateTotalPrice="EUR67.53" ApproximateBasePrice="EUR85.66" Taxes="GBP13.77" Fees="GBP-30.00" PricingMethod="Auto" ProviderCode="ACH"><air:FareInfoRef Key="D14ve24R2BKAe/K7DAAAAA==" /><air:FareInfoRef Key="D14ve24R2BKAi/K7DAAAAA==" /><air:TaxInfo Category="DU" CarrierDefinedCategory="XT" Amount="GBP13.00" SupplierCode="U2" /><air:TaxInfo Category="DU" CarrierDefinedCategory="XT" Amount="GBP0.77" SupplierCode="U2" /><air:PassengerType Code="ADT" /><air:PassengerType Code="ADT" /><air:FeeInfo Key="D14ve24R2BKAj/K7DAAAAA==" Amount="GBP-15.00" Code="IED" ProviderCode="ACH" SupplierCode="U2" /><air:FeeInfo Key="D14ve24R2BKAk/K7DAAAAA==" Amount="GBP-15.00" Code="IED" ProviderCode="ACH" SupplierCode="U2" /><air:FlightOptionsList><air:FlightOption LegRef="D14ve24R2BKA+8K7DAAAAA==" Destination="CPH" Origin="LON"><air:Option Key="D14ve24R2BKAl/K7DAAAAA==" TravelTime="P0DT1H50M0S"><air:BookingInfo BookingCode="Y" BookingCount="9" CabinClass="Economy" FareInfoRef="D14ve24R2BKAe/K7DAAAAA==" SegmentRef="D14ve24R2BKAt8K7DAAAAA==" HostTokenRef="D14ve24R2BKAZAL7DAAAAA==" /></air:Option></air:FlightOption><air:FlightOption LegRef="D14ve24R2BKAF9K7DAAAAA==" Destination="LON" Origin="CPH"><air:Option Key="D14ve24R2BKAn/K7DAAAAA==" TravelTime="P0DT2H5M0S"><air:BookingInfo BookingCode="Y" BookingCount="9" CabinClass="Economy" FareInfoRef="D14ve24R2BKAi/K7DAAAAA==" SegmentRef="D14ve24R2BKAv8K7DAAAAA==" HostTokenRef="D14ve24R2BKAbAL7DAAAAA==" /></air:Option></air:FlightOption></air:FlightOptionsList></air:AirPricingInfo><air:AirPricingInfo Key="D14ve24R2BKAq/K7DAAAAA==" TotalPrice="GBP47.42" BasePrice="GBP76.65" ApproximateTotalPrice="EUR53.00" ApproximateBasePrice="EUR85.66" Taxes="GBP0.77" Fees="GBP-30.00" PricingMethod="Auto" ProviderCode="ACH"><air:FareInfoRef Key="D14ve24R2BKAp/K7DAAAAA==" /><air:FareInfoRef Key="D14ve24R2BKAt/K7DAAAAA==" /><air:TaxInfo Category="DU" CarrierDefinedCategory="XT" Amount="GBP0.00" SupplierCode="U2" /><air:TaxInfo Category="DU" CarrierDefinedCategory="XT" Amount="GBP0.77" SupplierCode="U2" /><air:PassengerType Code="CNN" Age="5" /><air:FeeInfo Key="D14ve24R2BKAu/K7DAAAAA==" Amount="GBP-15.00" Code="IED" ProviderCode="ACH" SupplierCode="U2" /><air:FeeInfo Key="D14ve24R2BKAv/K7DAAAAA==" Amount="GBP-15.00" Code="IED" ProviderCode="ACH" SupplierCode="U2" /><air:FlightOptionsList><air:FlightOption LegRef="D14ve24R2BKA+8K7DAAAAA==" Destination="CPH" Origin="LON"><air:Option Key="D14ve24R2BKAw/K7DAAAAA==" TravelTime="P0DT1H50M0S"><air:BookingInfo BookingCode="Y" BookingCount="9" CabinClass="Economy" FareInfoRef="D14ve24R2BKAp/K7DAAAAA==" SegmentRef="D14ve24R2BKAt8K7DAAAAA==" HostTokenRef="D14ve24R2BKAZAL7DAAAAA==" /></air:Option></air:FlightOption><air:FlightOption LegRef="D14ve24R2BKAF9K7DAAAAA==" Destination="LON" Origin="CPH"><air:Option Key="D14ve24R2BKAy/K7DAAAAA==" TravelTime="P0DT2H5M0S"><air:BookingInfo BookingCode="Y" BookingCount="9" CabinClass="Economy" FareInfoRef="D14ve24R2BKAt/K7DAAAAA==" SegmentRef="D14ve24R2BKAv8K7DAAAAA==" HostTokenRef="D14ve24R2BKAbAL7DAAAAA==" /></air:Option></air:FlightOption></air:FlightOptionsList></air:AirPricingInfo><air:AirPricingInfo Key="D14ve24R2BKA1/K7DAAAAA==" TotalPrice="GBP0.00" BasePrice="GBP0.00" ApproximateTotalPrice="EUR0.00" ApproximateBasePrice="EUR0.00" PricingMethod="Auto" ProviderCode="ACH"><air:FareInfoRef Key="D14ve24R2BKA0/K7DAAAAA==" /><air:FareInfoRef Key="D14ve24R2BKA2/K7DAAAAA==" /><air:PassengerType Code="INF" Age="1" /><air:FlightOptionsList><air:FlightOption LegRef="D14ve24R2BKA+8K7DAAAAA==" Destination="CPH" Origin="LON"><air:Option Key="D14ve24R2BKA3/K7DAAAAA==" TravelTime="P0DT1H50M0S"><air:BookingInfo BookingCode="Y" BookingCount="9" CabinClass="Economy" FareInfoRef="D14ve24R2BKA0/K7DAAAAA==" SegmentRef="D14ve24R2BKAt8K7DAAAAA==" HostTokenRef="D14ve24R2BKAZAL7DAAAAA==" /></air:Option></air:FlightOption><air:FlightOption LegRef="D14ve24R2BKAF9K7DAAAAA==" Destination="LON" Origin="CPH"><air:Option Key="D14ve24R2BKA5/K7DAAAAA==" TravelTime="P0DT2H5M0S"><air:BookingInfo BookingCode="Y" BookingCount="9" CabinClass="Economy" FareInfoRef="D14ve24R2BKA2/K7DAAAAA==" SegmentRef="D14ve24R2BKAv8K7DAAAAA==" HostTokenRef="D14ve24R2BKAbAL7DAAAAA==" /></air:Option></air:FlightOption></air:FlightOptionsList></air:AirPricingInfo><air:FeeInfo Key="D14ve24R2BKA0AL7DAAAAA==" Amount="GBP-45.00" Code="IED" ProviderCode="ACH" SupplierCode="U2" /><air:FeeInfo Key="D14ve24R2BKA1AL7DAAAAA==" Amount="GBP-45.00" Code="IED" ProviderCode="ACH" SupplierCode="U2" /><air:TaxInfo Category="DU" CarrierDefinedCategory="XT" Amount="GBP26.00" SupplierCode="U2" /><air:TaxInfo Category="DU" CarrierDefinedCategory="XT" Amount="GBP2.31" SupplierCode="U2" /></air:AirPricePoint><air:AirPricePoint Key="D14ve24R2BKA4AL7DAAAAA==" TotalPrice="GBP388.25" BasePrice="GBP449.94" ApproximateTotalPrice="EUR433.86" ApproximateBasePrice="EUR502.80" Taxes="GBP28.31" Fees="GBP-90.00" ApproximateTaxes="EUR31.64" ApproximateFees="EUR-100.58" CompleteItinerary="true"><air:AirPricingInfo Key="D14ve24R2BKA8/K7DAAAAA==" TotalPrice="GBP133.75" BasePrice="GBP149.98" ApproximateTotalPrice="EUR149.47" ApproximateBasePrice="EUR167.60" Taxes="GBP13.77" Fees="GBP-30.00" PricingMethod="Auto" ProviderCode="ACH"><air:FareInfoRef Key="D14ve24R2BKA7/K7DAAAAA==" /><air:FareInfoRef Key="D14ve24R2BKA//K7DAAAAA==" /><air:TaxInfo Category="DU" CarrierDefinedCategory="XT" Amount="GBP13.00" SupplierCode="U2" /><air:TaxInfo Category="DU" CarrierDefinedCategory="XT" Amount="GBP0.77" SupplierCode="U2" /><air:PassengerType Code="ADT" /><air:PassengerType Code="ADT" /><air:FeeInfo Key="D14ve24R2BKAAAL7DAAAAA==" Amount="GBP-15.00" Code="IED" ProviderCode="ACH" SupplierCode="U2" /><air:FeeInfo Key="D14ve24R2BKABAL7DAAAAA==" Amount="GBP-15.00" Code="IED" ProviderCode="ACH" SupplierCode="U2" /><air:FlightOptionsList><air:FlightOption LegRef="D14ve24R2BKA+8K7DAAAAA==" Destination="CPH" Origin="LON"><air:Option Key="D14ve24R2BKACAL7DAAAAA==" TravelTime="P0DT1H50M0S"><air:BookingInfo BookingCode="B" BookingCount="9" CabinClass="Economy" FareInfoRef="D14ve24R2BKA7/K7DAAAAA==" SegmentRef="D14ve24R2BKAt8K7DAAAAA==" HostTokenRef="D14ve24R2BKAYAL7DAAAAA==" /></air:Option></air:FlightOption><air:FlightOption LegRef="D14ve24R2BKAF9K7DAAAAA==" Destination="LON" Origin="CPH"><air:Option Key="D14ve24R2BKAEAL7DAAAAA==" TravelTime="P0DT2H5M0S"><air:BookingInfo BookingCode="B" BookingCount="9" CabinClass="Economy" FareInfoRef="D14ve24R2BKA//K7DAAAAA==" SegmentRef="D14ve24R2BKAv8K7DAAAAA==" HostTokenRef="D14ve24R2BKAaAL7DAAAAA==" /></air:Option></air:FlightOption></air:FlightOptionsList></air:AirPricingInfo><air:AirPricingInfo Key="D14ve24R2BKAHAL7DAAAAA==" TotalPrice="GBP120.75" BasePrice="GBP149.98" ApproximateTotalPrice="EUR134.94" ApproximateBasePrice="EUR167.60" Taxes="GBP0.77" Fees="GBP-30.00" PricingMethod="Auto" ProviderCode="ACH"><air:FareInfoRef Key="D14ve24R2BKAGAL7DAAAAA==" /><air:FareInfoRef Key="D14ve24R2BKAKAL7DAAAAA==" /><air:TaxInfo Category="DU" CarrierDefinedCategory="XT" Amount="GBP0.00" SupplierCode="U2" /><air:TaxInfo Category="DU" CarrierDefinedCategory="XT" Amount="GBP0.77" SupplierCode="U2" /><air:PassengerType Code="CNN" Age="5" /><air:FeeInfo Key="D14ve24R2BKALAL7DAAAAA==" Amount="GBP-15.00" Code="IED" ProviderCode="ACH" SupplierCode="U2" /><air:FeeInfo Key="D14ve24R2BKAMAL7DAAAAA==" Amount="GBP-15.00" Code="IED" ProviderCode="ACH" SupplierCode="U2" /><air:FlightOptionsList><air:FlightOption LegRef="D14ve24R2BKA+8K7DAAAAA==" Destination="CPH" Origin="LON"><air:Option Key="D14ve24R2BKANAL7DAAAAA==" TravelTime="P0DT1H50M0S"><air:BookingInfo BookingCode="B" BookingCount="9" CabinClass="Economy" FareInfoRef="D14ve24R2BKAGAL7DAAAAA==" SegmentRef="D14ve24R2BKAt8K7DAAAAA==" HostTokenRef="D14ve24R2BKAYAL7DAAAAA==" /></air:Option></air:FlightOption><air:FlightOption LegRef="D14ve24R2BKAF9K7DAAAAA==" Destination="LON" Origin="CPH"><air:Option Key="D14ve24R2BKAPAL7DAAAAA==" TravelTime="P0DT2H5M0S"><air:BookingInfo BookingCode="B" BookingCount="9" CabinClass="Economy" FareInfoRef="D14ve24R2BKAKAL7DAAAAA==" SegmentRef="D14ve24R2BKAv8K7DAAAAA==" HostTokenRef="D14ve24R2BKAaAL7DAAAAA==" /></air:Option></air:FlightOption></air:FlightOptionsList></air:AirPricingInfo><air:AirPricingInfo Key="D14ve24R2BKASAL7DAAAAA==" TotalPrice="GBP0.00" BasePrice="GBP0.00" ApproximateTotalPrice="EUR0.00" ApproximateBasePrice="EUR0.00" PricingMethod="Auto" ProviderCode="ACH"><air:FareInfoRef Key="D14ve24R2BKARAL7DAAAAA==" /><air:FareInfoRef Key="D14ve24R2BKATAL7DAAAAA==" /><air:PassengerType Code="INF" Age="1" /><air:FlightOptionsList><air:FlightOption LegRef="D14ve24R2BKA+8K7DAAAAA==" Destination="CPH" Origin="LON"><air:Option Key="D14ve24R2BKAUAL7DAAAAA==" TravelTime="P0DT1H50M0S"><air:BookingInfo BookingCode="B" BookingCount="9" CabinClass="Economy" FareInfoRef="D14ve24R2BKARAL7DAAAAA==" SegmentRef="D14ve24R2BKAt8K7DAAAAA==" HostTokenRef="D14ve24R2BKAYAL7DAAAAA==" /></air:Option></air:FlightOption><air:FlightOption LegRef="D14ve24R2BKAF9K7DAAAAA==" Destination="LON" Origin="CPH"><air:Option Key="D14ve24R2BKAWAL7DAAAAA==" TravelTime="P0DT2H5M0S"><air:BookingInfo BookingCode="B" BookingCount="9" CabinClass="Economy" FareInfoRef="D14ve24R2BKATAL7DAAAAA==" SegmentRef="D14ve24R2BKAv8K7DAAAAA==" HostTokenRef="D14ve24R2BKAaAL7DAAAAA==" /></air:Option></air:FlightOption></air:FlightOptionsList></air:AirPricingInfo><air:FeeInfo Key="D14ve24R2BKA5AL7DAAAAA==" Amount="GBP-45.00" Code="IED" ProviderCode="ACH" SupplierCode="U2" /><air:FeeInfo Key="D14ve24R2BKA6AL7DAAAAA==" Amount="GBP-45.00" Code="IED" ProviderCode="ACH" SupplierCode="U2" /><air:TaxInfo Category="DU" CarrierDefinedCategory="XT" Amount="GBP26.00" SupplierCode="U2" /><air:TaxInfo Category="DU" CarrierDefinedCategory="XT" Amount="GBP2.31" SupplierCode="U2" /></air:AirPricePoint></air:AirPricePointList><air:BrandList><air:Brand Key="D14ve24R2BKACDL7DAAAAA==" BrandID="26971" Name="Standard Fare" BrandedDetailsAvailable="true" Carrier="U2"><air:Title Type="External" LanguageCode="EN">STANDARD FARE</air:Title><air:Title Type="Short" LanguageCode="EN">STANDARD</air:Title><air:Text Type="Upsell" LanguageCode="EN">Upsell image test</air:Text><air:Text Type="MarketingAgent" LanguageCode="EN">STANDARD fare - 

1 - No Checked Baggage. 
2 - Carry On / Hand Baggage: 1 Bag, Max 10Kg. 
3 - Flight and/or Travel Date Changes (Rebooking): Additional fee. 
4 - Refund: Non Refundable fare. 
5 - Pre Reserved Seating: Additional fee. 
6 - Meals and Beverages on board: Additional fee. 
7 - On board WiFi connectivity: No. 

STANDARD fare offers great value for money. Only pay for what you need.

LCC/API/NS8</air:Text><air:Text Type="Strapline" LanguageCode="EN">Simply pay for the services you want</air:Text><air:ImageLocation Type="Consumer" ImageWidth="634" ImageHeight="422">https://merchandisingmanagement.pp.travelport.com/documents/10431/13558/Easyjet%20Standard.jpg</air:ImageLocation><air:ImageLocation Type="Upsell" ImageWidth="1024" ImageHeight="575">https://merchandisingmanagement.pp.travelport.com/documents/10431/13558/Easyjet%20Inclusive.jpg</air:ImageLocation><air:ImageLocation Type="Agent" ImageWidth="150" ImageHeight="150">https://cdnpp.travelport.com/easyjet/U2_general_medium_88.jpg</air:ImageLocation></air:Brand><air:Brand Key="D14ve24R2BKAEDL7DAAAAA==" BrandID="20864" Name="Leisure Plus" BrandedDetailsAvailable="true" Carrier="FR"><air:Title Type="External" LanguageCode="EN">Leisure Plus</air:Title><air:Title Type="Short" LanguageCode="EN">L PLUS</air:Title><air:Text Type="Upsell" LanguageCode="EN">Upgrade to LEISURE PLUS fares which include a checked bag, priority at the airport and free advance seat reservation.</air:Text><air:Text Type="MarketingAgent" LanguageCode="EN">New LEISURE PLUS fare - 

1 - Checked Baggage: 1 Bag, Max 20Kg.
2 - Carry On / Hand Baggage: 1 Bag, Max 10Kg. 
3 - Flight and/or Travel Date Changes (Rebooking): Additional Fee. 
4 - Refund: Non Refundable fare. 
5 - Pre Reserved Seating: Free. 
6 - Meals and Beverages on board: Additional fee.
7 - On board WiFi connectivity: No. 

LCC/API/NS8</air:Text><air:Text Type="Strapline" LanguageCode="EN">The fare for those who want a little more</air:Text><air:ImageLocation Type="Consumer" ImageWidth="146" ImageHeight="150">https://merchandisingmanagement.pp.travelport.com/documents/10431/14310/Ryanair%20-%20Leisure%20Plus.PNG</air:ImageLocation><air:ImageLocation Type="Agent" ImageWidth="146" ImageHeight="150">https://merchandisingmanagement.pp.travelport.com/documents/10431/14310/Ryanair%20-%20Leisure%20Plus.PNG</air:ImageLocation></air:Brand><air:Brand Key="D14ve24R2BKAGDL7DAAAAA==" BrandID="20862" Name="Lowest Available Fare" BrandedDetailsAvailable="true" Carrier="FR"><air:Title Type="External" LanguageCode="EN">Lowest Available Fares</air:Title><air:Title Type="Short" LanguageCode="EN">LowestFare</air:Title><air:Text Type="MarketingAgent" LanguageCode="EN">LOWEST AVAILABLE fare - 

1 - Checked Baggage: No. 
2 - Carry On / Hand Baggage: 1 Bag, Max 10Kg. 
3 - Flight and/or Travel Date Changes (Rebooking): Additional Fee. 
4 - Refund: Non Refundable fare. 
5 - Pre Reserved Seating: Additional Fee. 
6 - Meals and Beverages on board: Additional fee.
7 - On board WiFi connectivity: No. 

LCC/API/NS8

The most on-time flights, the fewest cancellations, the least mishandled checked baggage and Europe's No 1 customer service!
New Boeing 737-800 aircraft all offering leather seats with a pitch of 30 inches (76cm) and a configuration of 3-3.</air:Text><air:Text Type="Strapline" LanguageCode="EN">Save on airline tickets, airfare and travel deals with Ryanair</air:Text><air:ImageLocation Type="Agent" ImageWidth="150" ImageHeight="150">https://merchandisingmanagement.pp.travelport.com/documents/10431/14310/Cabin.png</air:ImageLocation><air:ImageLocation Type="Consumer" ImageWidth="150" ImageHeight="150">https://merchandisingmanagement.pp.travelport.com/documents/10431/14310/Cabin.png</air:ImageLocation></air:Brand><air:Brand Key="D14ve24R2BKAIDL7DAAAAA==" BrandID="20863" Name="Business Traveller Fares" BrandedDetailsAvailable="true" Carrier="FR"><air:Title Type="External" LanguageCode="EN">Business Traveller Fares</air:Title><air:Title Type="Short" LanguageCode="EN">Buiness</air:Title><air:Text Type="Upsell" LanguageCode="EN">NEW Business Traveller product!</air:Text><air:Text Type="MarketingAgent" LanguageCode="EN">BUSINESS TRAVELLER fare - 

1 - Checked Baggage: 1 Bag, Max 20Kg.
2 - Carry On / Hand Baggage: 1 Bag, Max 10Kg. 
3 - Flight and/or Travel Date Changes (Rebooking): Free, Unlimited. 
4 - Refund: Non Refundable fare. 
5 - Pre Reserved Seating: Free. 
6 - Meals and Beverages on board: Additional fee.
7 - On board WiFi connectivity: No. 

LCC/API/NS8

Ryanair's new business product with flexible tickets, reserved seating and fast-track. 

The most on-time flights, the fewest cancellations, the least mishandled checked baggage and Europe's No 1 customer service. New Boeing 737-800 aircraft all offering leather seats with a pitch of 30 inches (76cm) and a configuration of 3-3.</air:Text><air:Text Type="Strapline" LanguageCode="EN">Our new business traveller product</air:Text><air:ImageLocation Type="Agent" ImageWidth="150" ImageHeight="150">https://merchandisingmanagement.pp.travelport.com/documents/10431/14310/cabin2.png</air:ImageLocation><air:ImageLocation Type="Consumer" ImageWidth="150" ImageHeight="150">https://merchandisingmanagement.pp.travelport.com/documents/10431/14310/cabin2.png</air:ImageLocation></air:Brand><air:Brand Key="D14ve24R2BKAKDL7DAAAAA==" BrandID="26972" Name="Inclusive Fare" BrandedDetailsAvailable="true" Carrier="U2"><air:Title Type="External" LanguageCode="EN">INCLUSIVE FARE</air:Title><air:Title Type="Short" LanguageCode="EN">INCLUSIVE</air:Title><air:Text Type="Upsell" LanguageCode="EN">Upgrade to our INCLUSIVE Fare for a FREE checked Bag and Seat Assignment.</air:Text><air:Text Type="MarketingAgent" LanguageCode="EN">The great value INCLUSIVE Fare combines important services, such as a checked bag and seat selection, with easyJet’s famous low fares.

INCLUSIVE fare - 

1 - Checked Baggage: 1 Bag, Max 20Kg.
2 - Carry On / Hand Baggage: 1 Bag, Max 10Kg. 
3 - Flight and/or Travel Date Changes (Rebooking): Additional fee. 
4 - Refund: Non Refundable fare. 
5 - Pre Reserved Seating: Free. 
6 - Meals and Beverages on board: Additional fee. 
7 - On board WiFi connectivity: No. 

LCC/API/NS8</air:Text><air:Text Type="Strapline" LanguageCode="EN">Business Essentials</air:Text><air:ImageLocation Type="Agent" ImageWidth="150" ImageHeight="150">https://cdnpp.travelport.com/easyjet/U2_general_medium_89.jpg</air:ImageLocation><air:ImageLocation Type="Consumer" ImageWidth="1024" ImageHeight="575">https://merchandisingmanagement.pp.travelport.com/documents/10431/13558/Easyjet%20Inclusive.jpg</air:ImageLocation></air:Brand></air:BrandList></air:LowFareSearchRsp>