<AirPriceReq xmlns="http://www.travelport.com/schema/air_v42_0" TraceId="05c07393-19b6-46ff-9a29-316e0129ccdd" AuthorizedBy="Travelport" TargetBranch="P7003720"><BillingPointOfSaleInfo xmlns="http://www.travelport.com/schema/common_v42_0" OriginApplication="uAPI" /><AirItinerary><AirSegment Key="D14ve24R2BKAt8K7DAAAAA==" Status="KK" HostTokenRef="D14ve24R2BKAZAL7DAAAAA==" Group="0" Carrier="U2" FlightNumber="8267" Origin="LGW" Destination="CPH" DepartureTime="2017-10-31T17:10:00.000+00:00" ArrivalTime="2017-10-31T20:00:00.000+01:00" FlightTime="110" ProviderCode="ACH" SupplierCode="U2" ClassOfService="Y"><CodeshareInfo OperatingCarrier="U2" OperatingFlightNumber="8267" /></AirSegment><AirSegment Key="D14ve24R2BKAv8K7DAAAAA==" Status="KK" HostTokenRef="D14ve24R2BKAbAL7DAAAAA==" Group="1" Carrier="U2" FlightNumber="8262" Origin="CPH" Destination="LGW" DepartureTime="2017-11-15T10:20:00.000+01:00" ArrivalTime="2017-11-15T11:25:00.000+00:00" FlightTime="125" ProviderCode="ACH" SupplierCode="U2" ClassOfService="Y"><CodeshareInfo OperatingCarrier="U2" OperatingFlightNumber="8262" /></AirSegment><HostToken xmlns="http://www.travelport.com/schema/common_v42_0" Key="D14ve24R2BKAZAL7DAAAAA==">ERSU2{IS###}GBP{CC###ET}ACHSDv01LPD1:685e0f0a-8770-4422-8a0b-8a908f40f086</HostToken><HostToken xmlns="http://www.travelport.com/schema/common_v42_0" Key="D14ve24R2BKAbAL7DAAAAA==">ERSU2{IS###}GBP{CC###ET}ACHSDv01LPD1:aa1c081a-0ef2-49e4-83ff-b47ba17ed3e2</HostToken></AirItinerary><AirPricingModifiers><BrandModifiers ModifierType="FareFamilyDisplay" /></AirPricingModifiers><SearchPassenger xmlns="http://www.travelport.com/schema/common_v42_0" Code="ADT" BookingTravelerRef="cWxkS1hMZHAyelBqZFBNMA==" Key="cWxkS1hMZHAyelBqZFBNMA==" /><SearchPassenger xmlns="http://www.travelport.com/schema/common_v42_0" Code="ADT" BookingTravelerRef="RngzTHdGR3R6SXg2bHFvVw==" Key="RngzTHdGR3R6SXg2bHFvVw==" /><SearchPassenger xmlns="http://www.travelport.com/schema/common_v42_0" Code="CNN" Age="5" BookingTravelerRef="WDZzQXpDRTlMVWx0MmlYVw==" Key="WDZzQXpDRTlMVWx0MmlYVw==" /><SearchPassenger xmlns="http://www.travelport.com/schema/common_v42_0" Code="INF" Age="1" BookingTravelerRef="bnI3MUpMc09NT3ZjbW1wcQ==" Key="bnI3MUpMc09NT3ZjbW1wcQ==" /><AirPricingCommand><AirSegmentPricingModifiers AirSegmentRef="D14ve24R2BKAt8K7DAAAAA==" CabinClass="Economy" FareBasisCode="Y" /><AirSegmentPricingModifiers AirSegmentRef="D14ve24R2BKAv8K7DAAAAA==" CabinClass="Economy" FareBasisCode="Y" /></AirPricingCommand><FormOfPayment xmlns="http://www.travelport.com/schema/common_v42_0" Type="Credit" /></AirPriceReq>